# Blender 4.0.2
# www.blender.org
mtllib Monkey-bl.mtl
o MonkeyFBX
v 0.002893 5.482547 0.677536
v 0.104291 2.556558 0.013982
v 0.132865 6.625098 0.205449
v 0.145591 6.390561 -0.250726
v 0.148362 5.976381 -0.600595
v 0.068604 6.468240 0.626444
v 0.110756 5.345757 0.152715
v 0.225887 5.318861 0.104973
v 0.391596 5.582160 -0.045475
v 0.374700 5.851609 -0.371313
v 0.505731 5.714707 -0.399108
v 0.265388 5.908937 -0.549647
v 0.525971 5.666530 -0.572195
v 0.304339 6.044763 -0.343402
v 0.302873 6.380875 -0.128395
v 0.402150 5.797127 -0.090512
v 0.245730 5.492865 0.121426
v 0.332961 6.206469 -0.184547
v 0.312038 6.488357 0.009099
v 0.262940 6.568003 0.151670
v 0.458905 6.365818 0.085006
v 0.437789 6.301531 0.041448
v 0.247138 6.575464 0.342867
v 0.291140 6.457617 0.449336
v 0.434841 6.416712 0.208917
v 0.201400 6.503275 0.509679
v 0.191340 6.375473 0.650403
v 0.170464 6.254340 0.684671
v 0.374709 6.153050 0.388252
v 0.372790 6.049080 0.240986
v 0.354483 5.897106 0.412721
v 0.443525 6.431676 0.252715
v 0.535988 6.359382 0.089380
v 0.505924 6.179412 0.056574
v 0.409626 6.143325 0.028108
v 0.395583 5.957164 -0.058759
v 0.385445 6.013656 0.090760
v 0.259479 5.652657 0.277444
v 0.085713 5.532819 0.384288
v 0.042003 5.540370 0.862724
v 0.095838 5.521512 0.755635
v 0.144035 5.578006 0.808146
v 0.224460 5.690091 0.754321
v 0.227498 5.768899 0.777454
v 0.186293 5.718697 0.848071
v 0.126042 5.698884 0.904225
v 0.054613 5.654016 0.934098
v 0.069989 6.218119 0.690840
v 0.039355 6.158758 0.708262
v 0.049773 6.112772 0.761682
v 0.070838 6.043872 0.802427
v 0.096025 6.155653 0.645582
v 0.107073 6.214463 0.660147
v 0.188305 6.217243 0.637145
v 0.286095 6.169878 0.576423
v 0.319330 6.026483 0.521286
v 0.165184 6.190585 0.640729
v 0.159283 6.138688 0.643565
v 0.142793 6.155586 0.557991
v 0.214082 6.163216 0.606759
v 0.259764 6.107085 0.606579
v 0.207382 6.058531 0.662237
v 0.084821 6.137551 0.664186
v 0.105391 6.067078 0.724958
v 0.217501 5.887909 0.769691
v 0.074277 5.960479 0.836521
v 0.041301 5.724583 0.944152
v 0.182394 5.804347 0.850003
v 0.094790 5.856150 0.903211
v 0.083346 5.781868 0.934528
v 0.234829 2.795172 0.295504
v 0.079725 2.925220 0.408405
v 0.332219 3.016219 0.337894
v 0.436158 3.039143 0.262959
v 0.208398 3.108639 0.447153
v 0.590137 3.293362 0.106274
v 0.676507 3.412169 -0.085389
v 0.605685 3.467111 -0.311228
v 0.280217 3.252512 0.469902
v 0.045334 3.332732 0.575794
v 0.415327 3.613429 0.405926
v 0.280316 3.504193 0.518761
v 0.215776 3.852398 0.472463
v 0.013369 3.911404 0.496390
v 0.262406 4.272118 0.350385
v 0.431563 4.137304 0.234260
v 0.612674 3.548543 0.140870
v 0.399650 4.637962 0.210077
v 0.703686 3.603983 -0.114816
v 0.678238 4.050331 -0.214108
v 0.653667 4.042087 -0.070444
v 0.185976 4.537573 0.327594
v 0.079221 4.887844 0.255802
v 0.607630 4.507394 0.022057
v 0.682400 4.605387 -0.502595
v 0.295623 4.900201 0.224382
v 0.400524 5.109214 0.119611
v 0.528942 1.912658 -0.223121
v 0.661732 1.635277 -0.150685
v 0.470151 1.606783 -0.047808
v 0.619342 1.456751 -0.153263
v 0.497332 1.445993 -0.053494
v 0.731133 1.488130 -0.132631
v 0.714829 1.233961 -0.240306
v 0.886431 2.028484 -0.021390
v 0.836438 1.024932 -0.202766
v 0.622540 3.010006 -0.180544
v 0.557795 2.938955 0.111632
v 0.871273 1.928022 0.171187
v 0.258155 2.706430 0.278075
v 0.398811 2.664441 0.307426
v 0.157886 2.466162 0.022939
v 0.325833 1.922224 0.017994
v 0.505758 2.030127 0.383466
v 0.427343 1.634248 0.167564
v 0.481255 1.750908 0.347726
v 0.632847 1.946083 0.386743
v 0.595084 1.587790 0.374487
v 0.759174 1.832361 0.332696
v 0.703527 1.576297 0.356493
v 0.778286 1.510543 0.296763
v 0.858554 1.587128 0.150868
v 0.633316 1.418124 0.312662
v 0.837208 1.462966 0.208485
v 0.532270 1.215929 0.123123
v 0.533011 1.454689 0.257932
v 0.869055 1.459482 0.067894
v 0.815496 1.263797 0.209270
v 0.751574 1.356440 0.272888
v 0.832355 0.958668 0.078172
v 0.892793 0.981085 -0.061700
v 0.701426 0.737085 0.056299
v 0.777022 0.403034 -0.127424
v 0.714098 0.405064 -0.038342
v 0.718410 4.693619 -0.535481
v 0.729807 4.704521 -0.369290
v 1.194815 3.685992 -0.353543
v 0.839219 4.501541 -0.359002
v 0.826530 4.526021 -0.576284
v 1.057006 3.983259 -0.583499
v 1.256676 3.603658 -0.459286
v 1.225004 3.872257 -0.659702
v 1.286111 4.200951 -0.646573
v 1.359608 4.252936 -0.465595
v 1.088670 4.907965 -0.584463
v 1.584535 3.155739 -0.397546
v 1.918916 2.783948 -0.397774
v 2.045326 2.588122 -0.398867
v 2.145571 2.587378 -0.494351
v 2.083727 2.564962 -0.466904
v 2.245318 2.768494 -0.365937
v 2.209137 2.820874 -0.269660
v 2.193810 2.698400 -0.170002
v 2.029753 2.673029 -0.277881
v 1.957283 2.821813 -0.241784
v 1.640327 3.132318 -0.272142
v 2.077029 2.941505 -0.252642
v 1.917450 3.428465 -0.387239
v 1.755993 3.193142 -0.236001
v 1.321203 3.620239 -0.299692
v 1.377076 3.745252 -0.300792
v 1.824394 3.384994 -0.289510
v 2.134173 2.992421 -0.369311
v 1.950989 2.918620 -0.503986
v 1.402128 3.572977 -0.639076
v 1.680338 3.306422 -0.599970
v 1.761629 3.560403 -0.562064
v 1.529689 3.783243 -0.647466
v 1.067368 3.981673 -0.285903
v 1.565995 3.837872 -0.418162
v 1.104944 4.306489 -0.207557
v 1.260350 4.464291 -0.352902
v 1.174162 4.394683 -0.217653
v 0.913035 4.825957 -0.141040
v 0.786072 4.748791 -0.188942
v 1.086236 4.962549 -0.286919
v 0.924680 4.561475 -0.683127
v 0.971595 4.846150 -0.710230
v 0.744590 4.767605 -0.687966
v 0.983588 5.131204 -0.599362
v 0.873548 5.482765 -0.483611
v 0.903977 5.339912 -0.175851
v 0.780600 5.391302 -0.055950
v 0.677523 3.661269 -0.319150
v 0.617409 3.671288 -0.448650
v 0.498152 3.698206 -0.579707
v 0.603892 4.071772 -0.592683
v 0.242558 3.636212 -0.638511
v 0.395419 3.798019 -0.666711
v 0.558201 4.652259 -0.784581
v 0.643557 4.436875 -0.633490
v 0.450632 4.418233 -0.835292
v 0.235562 4.707623 -0.928709
v 0.638930 4.707589 -0.741651
v 0.377165 5.499556 -0.795666
v 0.540344 5.139037 -0.835858
v 0.238922 4.970402 -0.937702
v 0.100398 5.354390 -0.899381
v 0.017658 5.530338 -0.857935
v 0.202993 3.906713 -0.747073
v 0.004603 3.468623 -0.630406
v 0.503929 3.490194 -0.458459
v 0.428114 3.280571 -0.480863
v 0.248769 3.276956 -0.615538
v 0.100170 3.328959 -0.648606
v 0.576799 3.145648 -0.257457
v 0.552750 2.847328 -0.515373
v 0.188473 2.896176 -0.797686
v 0.123380 3.054446 -0.778051
v 0.122264 2.734093 -0.809497
v 0.083418 2.818051 -0.848894
v 0.055720 2.499036 -0.639458
v 0.122296 2.556664 -0.677380
v 0.403086 0.000943 0.256466
v 0.567192 0.043882 0.348598
v 0.674313 0.035439 0.433429
v 0.779525 0.002087 0.480541
v 0.867387 0.008797 0.743107
v 0.920015 0.076032 0.684879
v 0.981085 0.002488 0.693266
v 0.997335 0.017523 0.645216
v 0.926065 0.116540 0.616933
v 0.935898 0.121203 0.327571
v 0.739025 0.007347 0.738398
v 0.712976 0.070203 0.656375
v 0.716041 0.148202 0.444682
v 0.657076 0.071422 0.462058
v 0.589062 0.102979 0.374786
v 0.996546 0.056081 0.347896
v 0.977638 0.001187 0.430348
v 0.670381 0.001394 -0.332895
v 0.878778 0.025390 -0.084724
v 0.569655 0.000621 0.261706
v 0.742727 0.207138 -0.284536
v 0.732371 0.037794 -0.321899
v 0.654286 0.099980 -0.376025
v 0.415280 0.028319 -0.207242
v 0.479734 0.127054 -0.309139
v 0.380226 0.046658 0.090322
v 0.385313 0.103666 0.124575
v 0.430728 0.210274 -0.139704
v 0.437618 0.150304 0.130721
v 0.580230 0.209276 0.153517
v 0.561163 0.312366 -0.008316
v 0.746906 0.219424 0.156168
v 0.408810 0.079193 0.371615
v 0.384263 0.091362 0.319330
v 0.482264 0.100980 0.337959
v 0.466752 0.013495 0.331276
v 0.407831 0.022745 0.398038
v 0.835397 0.108066 -0.164159
v 0.825089 0.193007 0.116013
v 0.693625 0.216792 -0.324138
v 0.337096 0.066099 0.308634
v 0.297037 0.062410 0.503929
v 0.330402 0.023264 0.525739
v 0.261191 0.014128 0.490722
v 2.323152 2.333299 -0.059903
v 2.231035 2.371235 -0.048330
v 2.360243 2.371277 -0.075436
v 2.248169 2.378286 -0.120796
v 2.192394 2.505154 -0.092397
v 2.207972 2.348530 -0.338525
v 2.365622 2.033440 -0.347403
v 2.311526 2.204249 -0.235779
v 2.223685 2.157834 -0.485153
v 2.327393 2.120536 -0.553837
v 2.296460 2.234687 -0.524588
v 2.119102 2.630416 -0.183687
v 2.075580 2.535959 -0.437416
v 2.389596 2.356974 -0.422232
v 2.522613 2.095888 -0.239841
v 2.295916 2.675610 -0.362657
v 2.208990 2.640652 -0.131167
v 2.271345 2.714687 -0.237481
v 2.364974 2.497655 -0.118230
v 2.411368 2.442655 -0.266055
v 2.478719 2.324088 -0.185360
v 2.472032 2.261647 -0.105135
v 2.370077 2.414819 -0.060571
v 2.281881 2.184613 0.018087
v 2.325008 2.391079 -0.014745
v 2.236576 2.409998 -0.014167
v 2.270732 2.128663 0.000566
v 2.220991 2.124168 0.015249
v 0.143834 2.522235 -0.444019
v 0.280042 2.690972 -0.674320
v 0.281444 2.329607 -0.378414
v 0.379246 1.943684 -0.135181
v 2.296034 1.740316 -0.200628
v 2.291342 1.738522 -0.166020
v 2.369001 1.796496 -0.135419
v 2.417495 1.898410 -0.201036
v 2.413889 2.073492 -0.154219
v 2.449383 2.103525 -0.119220
v 2.479797 1.906368 -0.212822
v 2.285062 1.723114 -0.311116
v 2.303976 1.707694 -0.296718
v 2.344351 1.755741 -0.260752
v 2.426766 1.889486 -0.334191
v 2.461765 1.864914 -0.343320
v 2.410477 1.912075 -0.303603
v 2.489269 1.953492 -0.257315
v 2.261034 1.742567 -0.421126
v 2.277020 1.724752 -0.408217
v 2.292498 1.751919 -0.375809
v 2.369914 1.891211 -0.447089
v 2.331031 2.033192 -0.463528
v 2.410691 1.891225 -0.476947
v 2.489625 2.076712 -0.374049
v 2.190248 1.748398 -0.503912
v 2.228823 1.738238 -0.478581
v 2.411577 2.096118 -0.492279
v 2.318789 1.927806 -0.579361
v 0.502224 0.549844 -0.300002
v 0.476522 0.279931 -0.227954
v 0.110122 6.225247 0.589671
v 0.183929 6.196422 0.577046
v 0.156731 6.142875 0.634859
v 0.148046 6.100848 0.584789
v 0.113051 6.120359 0.622023
v 0.597606 5.140036 0.041103
v 0.553638 5.394216 -0.009743
v 0.573013 5.674990 -0.283156
v 0.692948 4.897600 -0.046761
v 0.619765 4.782700 -0.011661
v 0.693316 4.615085 -0.212950
v 0.822331 2.441492 -0.235862
v 0.686658 2.813618 -0.280810
v 0.819385 2.549185 -0.136057
v 0.814758 2.497163 0.022688
v 0.682863 2.453009 0.254153
v 0.612328 2.304957 0.358687
v 0.338604 2.530702 0.305992
v 0.193910 2.507905 0.155515
v 0.177284 2.408886 -0.245226
v 0.412845 2.512664 -0.579925
v 0.836976 1.450458 -0.058448
v 0.852787 1.211900 -0.147013
v 0.605741 1.207030 -0.246211
v 0.450166 0.688083 -0.204320
v 0.411094 2.308158 -0.450352
v 0.616882 0.236960 -0.349060
v 0.528741 0.213889 -0.344031
v 0.441800 1.550352 0.059272
v 0.463876 1.396660 0.023529
v 0.710031 5.403752 -0.703361
v 0.696140 4.871087 -0.739693
v 0.674917 5.067678 -0.787431
v 0.841234 5.202643 -0.053538
v 0.903474 5.101852 -0.107260
v 0.041256 5.718326 0.949162
v 0.004665 3.621372 0.581955
v 0.353077 5.716009 0.055837
v 0.116403 6.365206 0.694789
v 0.251253 6.220796 0.622394
v 0.348566 6.222579 0.477209
v 0.255398 5.667014 0.557720
v 0.383244 6.356478 0.321017
v 0.009264 6.183784 0.706314
v 0.145566 5.727385 0.878322
v 0.576387 3.112011 -0.005635
v 0.612329 3.248632 -0.048618
v 0.663171 4.010908 -0.445745
v 0.723173 4.728614 -0.183798
v 0.832592 1.626192 -0.016541
v 0.479348 0.983279 -0.217694
v 0.797201 0.436919 -0.206900
v 0.537131 3.085816 -0.419848
v 0.270852 2.475842 0.261671
v 0.477606 1.393527 0.117830
v 0.555463 1.517781 0.329244
v 0.609041 0.777280 0.044564
v 0.474217 0.359229 -0.147858
v 0.667948 0.293740 0.010463
v 0.863073 4.535618 -0.242848
v 1.591285 3.826372 -0.507581
v 2.212324 2.618822 -0.485965
v 2.252122 2.703794 -0.184918
v 1.478879 3.787320 -0.324724
v 1.840879 3.250478 -0.572334
v 1.472126 3.725364 -0.700900
v 1.007322 4.838152 -0.160428
v 0.880992 5.521786 -0.315655
v 0.528372 4.182501 -0.729134
v 0.526757 4.856944 -0.855264
v 0.145639 5.714011 -0.744526
v 0.700125 0.036489 0.670399
v 1.007797 0.014583 0.357276
v 0.842545 0.176058 0.317185
v 0.557826 0.032891 -0.377539
v 0.756718 0.275342 -0.029782
v 0.792564 0.226121 -0.203986
v 2.203645 2.528375 -0.086022
v 2.244486 2.119748 -0.515044
v 2.151437 2.349940 -0.464544
v 2.475753 2.218064 -0.373568
v 0.216072 2.485297 -0.488002
v 2.403012 2.041852 -0.230335
v 2.432018 1.874934 -0.398574
v 2.288176 1.905732 -0.541228
v 2.379900 1.936921 -0.504807
v 0.661065 0.706500 -0.335249
v 0.192839 6.145532 0.575485
v 0.540265 5.583721 -0.120379
v 0.903509 5.157176 -0.672258
v 0.560111 2.456764 -0.519800
v 0.175547 2.633844 0.221945
v 0.098189 2.506089 -0.193523
v 0.468422 0.811469 -0.093170
v 0.154614 6.564088 0.016813
v 0.070506 6.559520 0.503016
v 0.448005 5.716568 -0.195038
v 0.298451 6.333926 0.546240
v 0.311480 5.847416 0.560894
v 0.329567 5.804691 0.212243
v 0.406746 6.210094 0.274878
v 0.462132 6.081167 0.118317
v 0.500481 6.433459 0.155139
v 0.496813 6.390100 0.192995
v 0.542973 6.279109 0.058765
v 0.227860 5.566801 0.196638
v 0.232165 5.634350 0.437212
v 0.125780 5.638395 0.882571
v 0.043468 6.184315 0.692851
v 0.123004 6.186293 0.645850
v 0.204702 6.149191 0.622896
v 0.158625 5.983712 0.768604
v 0.163523 5.738992 0.861861
v 0.157327 5.765015 0.883132
v 0.402355 2.857478 0.289661
v 0.616279 2.986965 -0.032263
v 0.436454 3.337498 0.389232
v 0.557245 3.290839 -0.326040
v 0.523596 4.904092 0.107085
v 0.661101 5.030572 0.015281
v 0.756007 5.539074 -0.135243
v 0.773359 5.612526 -0.285731
v 0.633885 1.991982 -0.278123
v 0.820839 2.071943 -0.199150
v 0.908669 1.232300 0.036530
v 0.728194 2.460011 -0.391382
v 0.531680 2.757217 0.256564
v 0.138438 2.457462 -0.123769
v 0.585307 0.444850 -0.023401
v 1.272879 3.639903 -0.586628
v 1.074033 5.117066 -0.421610
v 1.292029 4.016077 -0.689730
v 1.565062 3.248730 -0.532277
v 2.029589 2.916121 -0.516955
v 2.048357 2.827448 -0.209622
v 0.777890 5.552114 -0.567633
v 0.983791 5.357130 -0.337237
v 0.775066 5.608519 -0.453362
v 0.217754 3.496687 -0.608032
v 0.361196 2.820726 -0.676009
v 0.212139 2.576018 -0.589669
v 0.336937 0.016445 0.257209
v 0.287718 -0.001133 0.463521
v 0.414571 0.004954 0.055360
v 0.602447 0.160740 0.340514
v 0.466116 0.005592 -0.288136
v 2.264305 2.335241 -0.074410
v 2.259153 2.354093 -0.178399
v 2.157443 2.590886 -0.139718
v 2.351233 1.759587 -0.202060
v 2.498031 2.008914 -0.126443
v 2.426750 1.914017 -0.140879
v 2.455156 1.854033 -0.309104
v 2.427147 1.896923 -0.270400
v 2.402553 1.907107 -0.395126
v 2.256080 1.782181 -0.540406
v 2.333489 1.906222 -0.494269
v 0.161873 6.175089 0.636860
v 0.124240 6.167418 0.644472
v 0.120498 6.216071 0.619982
v 0.067774 6.164302 0.597129
v 0.084037 6.160440 0.624365
v 0.188444 6.189774 0.605291
v 0.177063 6.126864 0.614847
v 0.090312 6.119815 0.594175
v -0.002893 5.482547 0.677536
v -0.104291 2.556558 0.013982
v -0.132865 6.625098 0.205449
v -0.145591 6.390561 -0.250726
v -0.148362 5.976381 -0.600595
v -0.068604 6.468240 0.626444
v -0.110756 5.345757 0.152715
v -0.225887 5.318861 0.104973
v -0.391596 5.582160 -0.045475
v -0.374700 5.851609 -0.371313
v -0.505731 5.714707 -0.399108
v -0.265388 5.908937 -0.549647
v -0.525971 5.666530 -0.572195
v -0.304339 6.044763 -0.343402
v -0.302873 6.380875 -0.128395
v -0.402150 5.797127 -0.090512
v -0.245730 5.492865 0.121426
v -0.332961 6.206469 -0.184547
v -0.312038 6.488357 0.009099
v -0.262940 6.568003 0.151670
v -0.458905 6.365818 0.085006
v -0.437789 6.301531 0.041448
v -0.247138 6.575464 0.342867
v -0.291140 6.457617 0.449336
v -0.434841 6.416712 0.208917
v -0.201400 6.503275 0.509679
v -0.191340 6.375473 0.650403
v -0.170464 6.254340 0.684671
v -0.374709 6.153050 0.388252
v -0.372790 6.049080 0.240986
v -0.354483 5.897106 0.412721
v -0.443525 6.431676 0.252715
v -0.535988 6.359382 0.089380
v -0.505924 6.179412 0.056574
v -0.409626 6.143325 0.028108
v -0.395583 5.957164 -0.058759
v -0.385445 6.013656 0.090760
v -0.259479 5.652657 0.277444
v -0.085713 5.532819 0.384288
v -0.042003 5.540370 0.862724
v -0.095838 5.521512 0.755635
v -0.144035 5.578006 0.808146
v -0.224460 5.690091 0.754321
v -0.227498 5.768899 0.777454
v -0.186293 5.718697 0.848071
v -0.126042 5.698884 0.904225
v -0.054613 5.654016 0.934098
v -0.069989 6.218119 0.690840
v -0.039355 6.158758 0.708262
v -0.049773 6.112772 0.761682
v -0.070838 6.043872 0.802427
v -0.096025 6.155653 0.645582
v -0.107073 6.214463 0.660147
v -0.188305 6.217243 0.637145
v -0.286095 6.169878 0.576423
v -0.319330 6.026483 0.521286
v -0.165184 6.190585 0.640729
v -0.159283 6.138688 0.643565
v -0.142793 6.155586 0.557991
v -0.214082 6.163216 0.606759
v -0.259764 6.107085 0.606579
v -0.207382 6.058531 0.662237
v -0.084821 6.137551 0.664186
v -0.105391 6.067078 0.724958
v -0.217501 5.887909 0.769691
v -0.074277 5.960479 0.836521
v -0.041301 5.724583 0.944152
v -0.182394 5.804347 0.850003
v -0.094790 5.856150 0.903211
v -0.083346 5.781868 0.934528
v -0.234829 2.795172 0.295504
v -0.079725 2.925220 0.408405
v -0.332219 3.016219 0.337894
v -0.436158 3.039143 0.262959
v -0.208398 3.108639 0.447153
v -0.590137 3.293362 0.106274
v -0.676507 3.412169 -0.085389
v -0.605685 3.467111 -0.311228
v -0.280217 3.252512 0.469902
v -0.045334 3.332732 0.575794
v -0.415327 3.613429 0.405926
v -0.280316 3.504193 0.518761
v -0.215776 3.852398 0.472463
v -0.013369 3.911404 0.496390
v -0.262406 4.272118 0.350385
v -0.431563 4.137304 0.234260
v -0.612674 3.548543 0.140870
v -0.399650 4.637962 0.210077
v -0.703686 3.603983 -0.114815
v -0.678238 4.050331 -0.214108
v -0.653667 4.042087 -0.070444
v -0.185976 4.537573 0.327594
v -0.079221 4.887844 0.255802
v -0.607630 4.507394 0.022057
v -0.682400 4.605387 -0.502595
v -0.295623 4.900201 0.224382
v -0.400524 5.109214 0.119611
v -0.528942 1.912658 -0.223121
v -0.661732 1.635277 -0.150685
v -0.470151 1.606783 -0.047808
v -0.619342 1.456751 -0.153263
v -0.497332 1.445993 -0.053494
v -0.731133 1.488130 -0.132631
v -0.714829 1.233961 -0.240306
v -0.886431 2.028484 -0.021390
v -0.836438 1.024932 -0.202766
v -0.622540 3.010006 -0.180544
v -0.557795 2.938955 0.111632
v -0.871273 1.928022 0.171187
v -0.258155 2.706430 0.278075
v -0.398811 2.664441 0.307426
v -0.157886 2.466162 0.022939
v -0.325833 1.922224 0.017994
v -0.505758 2.030127 0.383466
v -0.427343 1.634248 0.167564
v -0.481255 1.750908 0.347726
v -0.632847 1.946083 0.386743
v -0.595084 1.587790 0.374487
v -0.759174 1.832361 0.332696
v -0.703527 1.576297 0.356493
v -0.778286 1.510543 0.296763
v -0.858554 1.587128 0.150869
v -0.633316 1.418124 0.312662
v -0.837208 1.462966 0.208485
v -0.532270 1.215929 0.123123
v -0.533011 1.454689 0.257932
v -0.869055 1.459482 0.067894
v -0.815496 1.263797 0.209270
v -0.751574 1.356440 0.272888
v -0.832355 0.958668 0.078172
v -0.892793 0.981085 -0.061700
v -0.701426 0.737085 0.056299
v -0.777022 0.403034 -0.127424
v -0.714098 0.405064 -0.038342
v -0.718410 4.693619 -0.535481
v -0.729807 4.704521 -0.369290
v -1.194815 3.685992 -0.353543
v -0.839219 4.501541 -0.359002
v -0.826530 4.526021 -0.576284
v -1.057006 3.983259 -0.583499
v -1.256676 3.603658 -0.459286
v -1.225004 3.872257 -0.659702
v -1.286111 4.200951 -0.646573
v -1.359608 4.252936 -0.465595
v -1.088670 4.907965 -0.584463
v -1.584535 3.155739 -0.397546
v -1.918916 2.783948 -0.397774
v -2.045326 2.588122 -0.398867
v -2.145571 2.587378 -0.494351
v -2.083727 2.564962 -0.466904
v -2.245318 2.768494 -0.365937
v -2.209137 2.820874 -0.269660
v -2.193810 2.698400 -0.170002
v -2.029753 2.673029 -0.277881
v -1.957283 2.821813 -0.241784
v -1.640327 3.132318 -0.272142
v -2.077029 2.941505 -0.252642
v -1.917450 3.428465 -0.387239
v -1.755993 3.193142 -0.236001
v -1.321203 3.620239 -0.299692
v -1.377076 3.745252 -0.300792
v -1.824394 3.384994 -0.289510
v -2.134173 2.992421 -0.369311
v -1.950989 2.918620 -0.503986
v -1.402128 3.572977 -0.639076
v -1.680338 3.306422 -0.599970
v -1.761629 3.560403 -0.562064
v -1.529689 3.783243 -0.647466
v -1.067368 3.981673 -0.285903
v -1.565995 3.837872 -0.418162
v -1.104944 4.306489 -0.207557
v -1.260350 4.464291 -0.352902
v -1.174162 4.394683 -0.217653
v -0.913035 4.825957 -0.141040
v -0.786072 4.748791 -0.188942
v -1.086236 4.962549 -0.286919
v -0.924680 4.561475 -0.683127
v -0.971595 4.846150 -0.710230
v -0.744590 4.767605 -0.687966
v -0.983588 5.131204 -0.599362
v -0.873548 5.482765 -0.483611
v -0.903977 5.339912 -0.175851
v -0.780600 5.391302 -0.055950
v -0.677523 3.661269 -0.319150
v -0.617409 3.671288 -0.448650
v -0.498152 3.698206 -0.579707
v -0.603892 4.071772 -0.592683
v -0.242558 3.636212 -0.638511
v -0.395419 3.798019 -0.666711
v -0.558201 4.652259 -0.784581
v -0.643557 4.436875 -0.633490
v -0.450632 4.418233 -0.835292
v -0.235562 4.707623 -0.928709
v -0.638930 4.707589 -0.741651
v -0.377165 5.499556 -0.795666
v -0.540344 5.139037 -0.835858
v -0.238922 4.970402 -0.937702
v -0.100398 5.354390 -0.899381
v -0.017658 5.530338 -0.857935
v -0.202993 3.906713 -0.747073
v -0.004603 3.468623 -0.630406
v -0.503929 3.490194 -0.458459
v -0.428114 3.280571 -0.480863
v -0.248769 3.276956 -0.615538
v -0.100170 3.328959 -0.648606
v -0.576799 3.145648 -0.257457
v -0.552750 2.847328 -0.515373
v -0.188473 2.896176 -0.797686
v -0.123380 3.054446 -0.778051
v -0.122264 2.734093 -0.809497
v -0.083418 2.818051 -0.848894
v -0.055720 2.499036 -0.639458
v -0.122296 2.556664 -0.677380
v -0.403086 0.000943 0.256466
v -0.567192 0.043882 0.348598
v -0.674313 0.035439 0.433429
v -0.779525 0.002087 0.480541
v -0.867387 0.008797 0.743107
v -0.920015 0.076032 0.684879
v -0.981085 0.002488 0.693266
v -0.997335 0.017523 0.645216
v -0.926065 0.116540 0.616933
v -0.935898 0.121203 0.327571
v -0.739025 0.007347 0.738398
v -0.712976 0.070203 0.656375
v -0.716041 0.148202 0.444682
v -0.657076 0.071422 0.462058
v -0.589062 0.102979 0.374786
v -0.996546 0.056081 0.347897
v -0.977638 0.001187 0.430348
v -0.670381 0.001394 -0.332895
v -0.878778 0.025390 -0.084724
v -0.569655 0.000621 0.261706
v -0.742727 0.207138 -0.284536
v -0.732371 0.037794 -0.321899
v -0.654286 0.099980 -0.376025
v -0.415280 0.028319 -0.207242
v -0.479734 0.127054 -0.309139
v -0.380226 0.046658 0.090322
v -0.385313 0.103666 0.124575
v -0.430728 0.210274 -0.139704
v -0.437618 0.150304 0.130721
v -0.580230 0.209276 0.153517
v -0.561163 0.312366 -0.008316
v -0.746906 0.219424 0.156168
v -0.408810 0.079193 0.371615
v -0.384263 0.091362 0.319330
v -0.482264 0.100980 0.337959
v -0.466752 0.013495 0.331276
v -0.407831 0.022745 0.398038
v -0.835397 0.108066 -0.164159
v -0.825089 0.193007 0.116013
v -0.693625 0.216792 -0.324138
v -0.337096 0.066099 0.308634
v -0.297037 0.062410 0.503929
v -0.330402 0.023264 0.525739
v -0.261191 0.014128 0.490722
v -2.323152 2.333299 -0.059903
v -2.231035 2.371235 -0.048330
v -2.360243 2.371277 -0.075436
v -2.248169 2.378286 -0.120796
v -2.192394 2.505154 -0.092397
v -2.207972 2.348530 -0.338525
v -2.365622 2.033440 -0.347403
v -2.311526 2.204249 -0.235779
v -2.223685 2.157834 -0.485153
v -2.327393 2.120536 -0.553837
v -2.296460 2.234687 -0.524588
v -2.119102 2.630416 -0.183687
v -2.075580 2.535959 -0.437416
v -2.389596 2.356974 -0.422232
v -2.522613 2.095888 -0.239841
v -2.295916 2.675610 -0.362657
v -2.208990 2.640652 -0.131167
v -2.271345 2.714687 -0.237481
v -2.364974 2.497655 -0.118230
v -2.411368 2.442655 -0.266055
v -2.478719 2.324088 -0.185360
v -2.472032 2.261647 -0.105135
v -2.370077 2.414819 -0.060571
v -2.281881 2.184613 0.018087
v -2.325008 2.391079 -0.014745
v -2.236576 2.409998 -0.014167
v -2.270732 2.128663 0.000566
v -2.220991 2.124168 0.015249
v -0.143834 2.522235 -0.444019
v -0.280042 2.690972 -0.674320
v -0.281444 2.329607 -0.378414
v -0.379246 1.943684 -0.135181
v -2.296034 1.740316 -0.200628
v -2.291342 1.738522 -0.166020
v -2.369001 1.796496 -0.135419
v -2.417495 1.898410 -0.201036
v -2.413889 2.073492 -0.154219
v -2.449383 2.103525 -0.119220
v -2.479797 1.906368 -0.212822
v -2.285062 1.723114 -0.311116
v -2.303976 1.707694 -0.296718
v -2.344351 1.755741 -0.260752
v -2.426766 1.889486 -0.334191
v -2.461765 1.864914 -0.343320
v -2.410477 1.912075 -0.303603
v -2.489269 1.953492 -0.257315
v -2.261034 1.742567 -0.421126
v -2.277020 1.724752 -0.408217
v -2.292498 1.751919 -0.375809
v -2.369914 1.891211 -0.447089
v -2.331031 2.033192 -0.463528
v -2.410691 1.891225 -0.476946
v -2.489625 2.076712 -0.374049
v -2.190248 1.748398 -0.503911
v -2.228823 1.738238 -0.478581
v -2.411577 2.096118 -0.492279
v -2.318789 1.927806 -0.579361
v -0.502224 0.549844 -0.300002
v -0.476522 0.279931 -0.227954
v -0.110122 6.225247 0.589671
v -0.183929 6.196422 0.577046
v -0.156731 6.142875 0.634859
v -0.148046 6.100848 0.584789
v -0.113051 6.120359 0.622023
v -0.597606 5.140036 0.041103
v -0.553638 5.394216 -0.009743
v -0.573013 5.674990 -0.283156
v -0.692948 4.897600 -0.046761
v -0.619765 4.782700 -0.011661
v -0.693316 4.615085 -0.212950
v -0.822331 2.441492 -0.235862
v -0.686658 2.813618 -0.280810
v -0.819385 2.549185 -0.136057
v -0.814758 2.497163 0.022688
v -0.682863 2.453009 0.254153
v -0.612328 2.304957 0.358687
v -0.338604 2.530702 0.305992
v -0.193910 2.507905 0.155515
v -0.177284 2.408886 -0.245226
v -0.412845 2.512664 -0.579925
v -0.836976 1.450458 -0.058448
v -0.852787 1.211900 -0.147013
v -0.605741 1.207030 -0.246211
v -0.450166 0.688083 -0.204320
v -0.411094 2.308158 -0.450352
v -0.616882 0.236960 -0.349060
v -0.528741 0.213889 -0.344031
v -0.441800 1.550352 0.059272
v -0.463876 1.396660 0.023529
v -0.710031 5.403752 -0.703361
v -0.696140 4.871087 -0.739693
v -0.674917 5.067678 -0.787431
v -0.841234 5.202643 -0.053538
v -0.903474 5.101852 -0.107260
v -0.041256 5.718326 0.949162
v -0.004665 3.621372 0.581955
v -0.353077 5.716009 0.055837
v -0.116403 6.365206 0.694789
v -0.251253 6.220796 0.622394
v -0.348566 6.222579 0.477209
v -0.255398 5.667014 0.557720
v -0.383244 6.356478 0.321017
v -0.009264 6.183784 0.706314
v -0.145566 5.727385 0.878322
v -0.576387 3.112011 -0.005635
v -0.612329 3.248632 -0.048618
v -0.663171 4.010908 -0.445745
v -0.723173 4.728614 -0.183798
v -0.832592 1.626192 -0.016541
v -0.479348 0.983279 -0.217694
v -0.797201 0.436919 -0.206900
v -0.537131 3.085816 -0.419848
v -0.270852 2.475842 0.261671
v -0.477606 1.393527 0.117830
v -0.555463 1.517781 0.329244
v -0.609041 0.777280 0.044564
v -0.474217 0.359229 -0.147858
v -0.667948 0.293740 0.010463
v -0.863073 4.535618 -0.242848
v -1.591285 3.826372 -0.507581
v -2.212324 2.618822 -0.485965
v -2.252122 2.703794 -0.184918
v -1.478879 3.787320 -0.324724
v -1.840879 3.250478 -0.572334
v -1.472126 3.725364 -0.700900
v -1.007322 4.838152 -0.160428
v -0.880992 5.521786 -0.315655
v -0.528372 4.182501 -0.729134
v -0.526757 4.856944 -0.855264
v -0.145639 5.714011 -0.744526
v -0.700125 0.036489 0.670399
v -1.007797 0.014583 0.357276
v -0.842545 0.176058 0.317185
v -0.557826 0.032891 -0.377539
v -0.756718 0.275342 -0.029782
v -0.792564 0.226121 -0.203986
v -2.203645 2.528375 -0.086022
v -2.244486 2.119748 -0.515044
v -2.151437 2.349940 -0.464544
v -2.475753 2.218064 -0.373568
v -0.216072 2.485297 -0.488002
v -2.403012 2.041852 -0.230335
v -2.432018 1.874934 -0.398574
v -2.288176 1.905732 -0.541228
v -2.379900 1.936921 -0.504807
v -0.661065 0.706500 -0.335249
v -0.192839 6.145532 0.575485
v -0.540265 5.583721 -0.120379
v -0.903509 5.157176 -0.672258
v -0.560111 2.456764 -0.519800
v -0.175547 2.633844 0.221945
v -0.098189 2.506089 -0.193523
v -0.468422 0.811469 -0.093170
v -0.154614 6.564088 0.016813
v -0.070506 6.559520 0.503016
v -0.448005 5.716568 -0.195038
v -0.298451 6.333926 0.546240
v -0.311480 5.847416 0.560894
v -0.329567 5.804691 0.212243
v -0.406746 6.210094 0.274878
v -0.462132 6.081167 0.118318
v -0.500481 6.433459 0.155139
v -0.496813 6.390100 0.192995
v -0.542973 6.279109 0.058765
v -0.227860 5.566801 0.196638
v -0.232165 5.634350 0.437212
v -0.125780 5.638395 0.882571
v -0.043468 6.184315 0.692851
v -0.123004 6.186293 0.645850
v -0.204702 6.149191 0.622896
v -0.158625 5.983712 0.768604
v -0.163523 5.738992 0.861861
v -0.157327 5.765015 0.883132
v -0.402355 2.857478 0.289661
v -0.616279 2.986965 -0.032263
v -0.436454 3.337498 0.389232
v -0.557245 3.290839 -0.326040
v -0.523596 4.904092 0.107085
v -0.661101 5.030572 0.015282
v -0.756007 5.539074 -0.135243
v -0.773359 5.612526 -0.285731
v -0.633885 1.991982 -0.278123
v -0.820839 2.071943 -0.199150
v -0.908669 1.232300 0.036530
v -0.728194 2.460011 -0.391382
v -0.531680 2.757217 0.256564
v -0.138438 2.457462 -0.123769
v -0.585307 0.444850 -0.023401
v -1.272879 3.639903 -0.586628
v -1.074033 5.117066 -0.421610
v -1.292029 4.016077 -0.689730
v -1.565062 3.248730 -0.532277
v -2.029589 2.916121 -0.516955
v -2.048357 2.827448 -0.209621
v -0.777890 5.552114 -0.567633
v -0.983791 5.357130 -0.337237
v -0.775066 5.608519 -0.453362
v -0.217754 3.496687 -0.608032
v -0.361196 2.820726 -0.676009
v -0.212139 2.576018 -0.589669
v -0.336937 0.016445 0.257209
v -0.287718 -0.001133 0.463521
v -0.414571 0.004954 0.055360
v -0.602447 0.160740 0.340514
v -0.466116 0.005592 -0.288136
v -2.264305 2.335241 -0.074410
v -2.259153 2.354093 -0.178399
v -2.157443 2.590886 -0.139718
v -2.351233 1.759587 -0.202060
v -2.498031 2.008914 -0.126443
v -2.426750 1.914017 -0.140879
v -2.455156 1.854033 -0.309104
v -2.427147 1.896923 -0.270400
v -2.402553 1.907107 -0.395126
v -2.256080 1.782181 -0.540406
v -2.333489 1.906222 -0.494269
v -0.161873 6.175089 0.636860
v -0.124240 6.167418 0.644472
v -0.120498 6.216071 0.619982
v -0.067774 6.164302 0.597129
v -0.084037 6.160440 0.624365
v -0.188444 6.189774 0.605291
v -0.177063 6.126864 0.614847
v -0.090312 6.119815 0.594175
v -0.000000 6.267771 -0.413143
v -0.000000 6.245322 -0.432166
v -0.000000 6.429887 -0.243737
v -0.000000 6.466864 -0.187425
v -0.000000 6.581154 -0.001892
v 0.000000 6.596311 0.047569
v 0.000000 6.643733 0.211183
v 0.000000 6.643546 0.342808
v 0.000000 6.645683 0.326632
v 0.000000 6.630565 0.374996
v 0.000000 6.548668 0.526483
v 0.000000 6.501482 0.590163
v 0.000000 6.393115 0.690811
v 0.000000 6.365542 0.710897
v 0.000000 6.445620 0.644951
v 0.000000 6.301347 0.745138
v 0.000000 6.290403 0.746171
v 0.000000 6.269553 0.744020
v 0.000000 6.262231 0.739351
v 0.000000 6.213295 0.701773
v 0.000000 6.206731 0.701335
v 0.000000 6.196775 0.705054
v 0.000000 6.183489 0.706795
v -0.000000 5.963580 -0.639558
v 0.000000 6.183355 0.703988
v 0.000000 6.176769 0.707702
v 0.000000 6.167856 0.719221
v 0.000000 6.112621 0.761627
v 0.000000 6.062032 0.805218
v 0.000000 6.053548 0.810772
v 0.000000 5.976972 0.844369
v 0.000000 5.974154 0.845544
v -0.000000 5.902596 -0.672876
v -0.000000 5.653016 -0.798863
v -0.000000 5.544405 -0.848734
v 0.000000 5.874283 0.916711
v 0.000000 5.971573 0.847320
v 0.000000 5.780333 0.959627
v 0.000000 5.777970 0.960516
v 0.000000 5.774065 0.960270
v 0.000000 5.721238 0.938753
v 0.000000 5.714993 0.955841
v 0.000000 5.707122 0.954288
v 0.000000 5.606306 0.921324
v -0.000000 5.261028 -0.909219
v -0.000000 5.526327 -0.857294
v 0.000000 5.452572 0.277749
v 0.000000 5.441164 0.271733
v 0.000000 5.455889 0.289943
v 0.000000 5.514008 0.398925
v 0.000000 5.485206 0.649388
v 0.000000 5.484024 0.672175
v 0.000000 5.483588 0.679196
v 0.000000 5.485399 0.686797
v 0.000000 5.537858 0.855734
v 0.000000 5.593672 0.912901
v -0.000000 4.985124 -0.937140
v -0.000000 4.749612 -0.937045
v 0.000000 5.291765 0.152406
v 0.000000 5.216962 0.174124
v 0.000000 5.297319 0.155621
v 0.000000 4.978696 0.222452
v 0.000000 4.874611 0.257394
v -0.000000 4.717807 -0.935945
v -0.000000 4.026433 -0.771325
v 0.000000 4.819029 0.268506
v 0.000000 4.553555 0.321787
v 0.000000 3.941953 0.487983
v -0.000000 3.947480 -0.753464
v -0.000000 3.668524 -0.672456
v 0.000000 3.929957 0.490394
v 0.000000 3.904543 0.497176
v 0.000000 3.624633 0.580545
v -0.000000 3.569013 -0.633802
v 0.000000 3.331469 0.572259
v 0.000000 3.619337 0.581205
v -0.000000 3.524219 -0.623672
v -0.000000 3.471395 -0.630456
v -0.000000 3.307848 -0.658731
v -0.000000 3.462148 -0.631831
v -0.000000 3.469218 -0.629939
v 0.000000 3.206291 0.542150
v -0.000000 3.111008 -0.764828
v 0.000000 2.803504 0.328696
v 0.000000 3.019203 0.470460
v 0.000000 3.081032 0.496088
v -0.000000 2.845539 -0.840594
v -0.000000 2.980734 -0.814485
v -0.000000 2.797409 -0.837078
v -0.000000 3.044783 -0.796691
v 0.000000 2.911338 0.393057
v 0.000000 2.940334 0.402378
v 0.000000 2.722373 0.277705
v 0.000000 2.613760 0.120458
v 0.000000 2.629334 0.158025
v 0.000000 2.704865 0.265081
v 0.000000 2.737969 0.280824
v -0.000000 2.627650 -0.773791
v -0.000000 2.610087 -0.766225
v -0.000000 2.592036 -0.752784
v -0.000000 2.576730 -0.737064
v -0.000000 2.494234 -0.391399
v -0.000000 2.534866 -0.125111
v -0.000000 2.525504 -0.163048
v -0.000000 2.505850 -0.656065
v -0.000000 2.493298 -0.566534
vn -0.0901 -0.3757 0.9224
vn -0.0645 0.2580 -0.9640
vn -0.1856 -0.8029 0.5665
vn -0.9750 -0.0507 0.2165
vn -0.9736 0.0867 -0.2110
vn 0.3542 -0.1280 0.9264
vn 0.7064 0.6989 -0.1119
vn 0.4162 0.4340 -0.7990
vn 0.5850 0.6712 -0.4552
vn 0.5850 0.6222 -0.5202
vn 0.8416 0.3642 -0.3988
vn 0.6962 0.4660 -0.5461
vn 0.9946 0.0579 -0.0860
vn 0.9150 0.3597 -0.1826
vn 0.5907 0.3378 -0.7327
vn 0.8435 -0.2691 0.4649
vn 0.3939 0.8535 -0.3412
vn 0.2944 0.9187 -0.2632
vn 0.1382 0.9903 -0.0167
vn 0.2474 0.8986 0.3624
vn 0.3332 0.8286 0.4499
vn 0.7370 0.5835 0.3412
vn 0.8586 0.1668 0.4848
vn 0.3334 0.6237 0.7071
vn 0.4869 0.1590 0.8588
vn 0.3545 0.0879 0.9309
vn 0.7191 0.1559 0.6772
vn 0.8189 0.0436 0.5723
vn 0.9420 -0.0665 0.3289
vn 0.9612 0.0085 0.2759
vn 0.9599 0.0684 0.2718
vn 0.8705 0.3344 0.3612
vn 0.9132 0.1863 0.3625
vn 0.8479 -0.0073 0.5300
vn 0.9964 -0.0749 0.0399
vn 0.9846 -0.1689 -0.0445
vn 0.9599 -0.2347 0.1532
vn 0.7475 0.0041 0.6642
vn -0.4077 0.8858 -0.2218
vn 0.8067 0.3484 0.4773
vn 0.0982 0.6866 -0.7204
vn 0.9363 0.1826 0.2999
vn 0.9313 -0.3484 0.1061
vn 0.6757 -0.5839 -0.4499
vn 0.5946 -0.7699 0.2316
vn 0.9851 -0.1280 0.1152
vn 0.9593 -0.1583 0.2339
vn 0.7267 -0.6855 0.0457
vn 0.2643 -0.8510 0.4538
vn 0.1947 -0.9744 -0.1121
vn 0.2785 -0.5328 0.7991
vn 0.4634 -0.8789 -0.1130
vn 0.6997 -0.7120 0.0581
vn 0.8387 -0.5097 0.1918
vn 0.9393 -0.2951 0.1752
vn 0.9383 -0.2949 0.1809
vn 0.9380 -0.2948 0.1822
vn 0.4937 -0.7795 0.3855
vn 0.5397 -0.5840 0.6063
vn 0.7822 -0.3759 0.4969
vn 0.4259 -0.5146 0.7442
vn 0.5186 -0.2902 0.8043
vn 0.6319 0.2003 0.7487
vn 0.1584 -0.0657 0.9852
vn 0.3226 -0.8120 0.4865
vn 0.0472 0.1298 0.9904
vn -0.0028 0.6528 0.7576
vn -0.0000 0.6528 0.7576
vn 0.3331 0.7457 0.5770
vn 0.1708 0.5397 0.8243
vn 0.8608 -0.0098 0.5088
vn 0.5914 -0.2968 0.7498
vn 0.2443 0.3566 0.9017
vn 0.1468 -0.9002 0.4099
vn 0.2036 -0.7270 0.6557
vn 0.2688 -0.3107 0.9117
vn 0.1173 0.0317 0.9926
vn 0.3127 -0.2833 0.9066
vn 0.3938 -0.3007 0.8686
vn 0.4432 -0.2694 0.8550
vn 0.7656 0.3747 0.5229
vn 0.1371 -0.9251 0.3542
vn 0.6951 -0.6154 0.3716
vn -0.3987 0.7942 0.4585
vn 0.6153 0.6364 0.4651
vn 0.5315 0.3392 0.7762
vn 0.6226 0.3903 0.6783
vn 0.4999 0.4120 0.7618
vn 0.4665 0.3982 0.7898
vn 0.5162 -0.2408 0.8219
vn 0.5335 -0.4555 0.7127
vn 0.6459 0.4973 0.5793
vn -0.0135 -0.1961 0.9805
vn 0.0928 -0.5873 0.8040
vn 0.3146 -0.1460 0.9379
vn 0.8288 0.2502 0.5006
vn 0.7630 -0.0472 0.6446
vn 0.9621 -0.1923 0.1934
vn 0.9235 -0.3124 0.2225
vn 0.8603 -0.1423 0.4895
vn 0.8453 -0.2089 0.4917
vn 0.8852 -0.4006 -0.2367
vn 0.9135 -0.2224 -0.3406
vn 0.5666 -0.3216 0.7586
vn 0.3067 -0.2961 0.9046
vn 0.8048 0.0258 0.5929
vn 0.9444 -0.0851 0.3177
vn 0.2280 0.0113 0.9736
vn 0.6401 0.0025 0.7683
vn 0.2915 0.1790 0.9397
vn 0.3122 0.1701 0.9347
vn 0.3075 0.1689 0.9364
vn 0.3055 0.1684 0.9372
vn 0.5063 0.1885 0.8415
vn 0.8101 0.1597 0.5641
vn 0.9347 0.0714 0.3482
vn 0.6052 0.0768 0.7924
vn 0.8016 -0.0393 0.5966
vn 0.9966 0.0409 -0.0718
vn 0.9990 -0.0266 -0.0368
vn 0.9359 0.0227 0.3516
vn 0.6637 -0.0197 0.7478
vn 0.4518 0.1311 0.8824
vn 0.1264 0.2360 0.9635
vn 0.9394 0.0006 0.3428
vn 0.9765 -0.0654 -0.2055
vn 0.9202 -0.3896 -0.0376
vn 0.8165 -0.4622 -0.3461
vn 0.3126 -0.9405 0.1333
vn 0.2709 0.0993 0.9575
vn 0.1212 0.2909 0.9491
vn 0.1659 0.2750 0.9470
vn -0.2191 -0.3434 -0.9133
vn -0.5276 -0.3438 -0.7768
vn 0.3651 -0.2878 -0.8854
vn -0.4839 0.1274 -0.8658
vn 0.1898 -0.0309 -0.9813
vn 0.4626 0.1112 -0.8796
vn 0.9200 -0.1276 -0.3707
vn 0.9975 -0.0406 0.0573
vn 0.9743 -0.1326 -0.1820
vn 0.9206 -0.0587 -0.3860
vn 0.9867 0.1438 0.0759
vn 0.9343 -0.0390 -0.3543
vn 0.8566 0.2397 -0.4569
vn 0.8514 0.2447 -0.4639
vn 0.8577 0.2386 -0.4554
vn 0.8983 0.3933 -0.1960
vn 0.7632 0.3323 0.5542
vn 0.7112 0.1466 0.6875
vn -0.1766 0.0934 0.9798
vn -0.1831 0.0719 0.9805
vn -0.9453 -0.2932 0.1427
vn -0.8216 -0.1740 0.5429
vn -0.2058 0.0822 0.9751
vn -0.0530 0.1100 0.9925
vn 0.3933 -0.0000 0.9194
vn -0.0452 -0.0294 0.9985
vn -0.3471 -0.0890 0.9336
vn 0.8876 -0.0603 0.4567
vn -0.8410 -0.3032 0.4480
vn 0.1227 -0.3153 0.9410
vn -0.3095 -0.3864 0.8689
vn 0.8507 0.0938 0.5173
vn -0.8578 -0.2507 0.4487
vn 0.1456 -0.3237 0.9349
vn 0.4868 -0.2155 0.8465
vn 0.7494 -0.2263 0.6222
vn -0.5475 -0.4101 0.7294
vn -0.7083 -0.2427 0.6629
vn -0.2711 -0.3627 0.8916
vn -0.7085 -0.0928 0.6996
vn -0.7081 -0.0926 0.7000
vn -0.7096 -0.0933 0.6984
vn -0.2016 -0.1824 0.9623
vn 0.0272 -0.2731 0.9616
vn 0.7801 -0.2840 0.5575
vn -0.7967 0.2097 0.5668
vn 0.1412 0.0866 0.9862
vn 0.4388 0.2020 0.8756
vn 0.7839 0.2937 0.5470
vn 0.8528 -0.0260 -0.5215
vn -0.8262 -0.5557 0.0931
vn -0.8223 -0.4437 -0.3564
vn -0.8802 -0.4746 -0.0021
vn -0.8453 -0.4403 0.3028
vn -0.9193 -0.3910 0.0455
vn -0.8618 -0.4927 -0.1205
vn -0.5365 -0.2611 -0.8025
vn -0.1890 -0.1155 -0.9752
vn -0.1266 -0.0733 -0.9892
vn 0.5769 0.2032 -0.7912
vn 0.6470 0.2441 -0.7223
vn 0.8946 0.3119 -0.3201
vn 0.8596 0.2777 -0.4289
vn 0.7541 0.4561 -0.4727
vn 0.3773 0.2220 -0.8991
vn -0.7499 -0.5901 -0.2989
vn -0.8062 -0.5916 -0.0110
vn -0.7739 -0.5883 0.2345
vn -0.7418 -0.6672 0.0685
vn -0.7010 -0.6303 -0.3337
vn -0.8098 -0.5242 0.2636
vn -0.7622 -0.3436 -0.5486
vn -0.3422 -0.1841 -0.9214
vn 0.6904 0.3538 -0.6310
vn 0.7407 0.5506 0.3850
vn 0.8912 0.4438 0.0935
vn 0.6014 0.5812 0.5482
vn 0.6129 0.5985 0.5159
vn -0.2224 0.0483 0.9738
vn -0.6823 -0.6368 0.3591
vn -0.7536 -0.1877 0.6300
vn -0.2913 -0.3572 0.8874
vn 0.1784 0.4669 0.8661
vn -0.2282 -0.1387 0.9637
vn -0.4873 -0.4227 0.7641
vn -0.3169 -0.1863 0.9300
vn 0.3255 0.2610 0.9088
vn 0.5753 0.3876 0.7202
vn 0.7464 0.3930 0.5371
vn 0.1432 0.2112 0.9669
vn 0.1519 0.2149 0.9647
vn 0.1492 0.2137 0.9654
vn 0.1406 0.2101 0.9675
vn -0.4951 -0.2773 0.8234
vn -0.2453 -0.1060 0.9636
vn 0.7478 0.6516 0.1277
vn 0.4924 0.4860 0.7220
vn 0.5108 0.4918 0.7051
vn -0.2894 -0.4270 -0.8567
vn -0.2948 -0.4188 -0.8589
vn -0.2891 -0.4274 -0.8566
vn 0.1112 -0.1649 -0.9800
vn 0.8139 0.3867 -0.4336
vn -0.5026 -0.3519 -0.7896
vn 0.5253 0.2331 -0.8184
vn -0.1210 -0.2195 0.9681
vn -0.5272 -0.3989 0.7503
vn 0.8708 0.4544 0.1878
vn 0.9220 0.3074 0.2355
vn 0.2057 -0.0489 0.9774
vn 0.2072 -0.0486 0.9771
vn 0.2067 -0.0487 0.9772
vn 0.7793 0.1934 0.5961
vn -0.5507 -0.4969 -0.6707
vn 0.8329 0.3900 -0.3928
vn 0.8274 0.5378 -0.1616
vn 0.7262 0.2416 0.6437
vn 0.7168 0.6321 -0.2943
vn 0.7498 0.4602 0.4754
vn 0.6543 0.6471 0.3913
vn 0.8718 -0.3371 -0.3554
vn 0.8462 -0.3302 -0.4183
vn 0.9029 -0.1181 -0.4132
vn 0.8986 -0.1175 -0.4228
vn 0.9017 -0.1179 -0.4159
vn 0.6982 -0.2213 -0.6808
vn 0.1915 -0.3413 -0.9202
vn 0.8254 -0.1176 -0.5522
vn 0.7506 -0.1534 -0.6427
vn 0.8955 -0.1443 -0.4211
vn 0.5963 -0.2890 -0.7489
vn 0.5642 -0.1878 -0.8040
vn 0.5640 -0.1880 -0.8041
vn 0.5607 -0.1917 -0.8056
vn 0.5661 -0.1363 -0.8130
vn 0.4160 0.1795 -0.8915
vn 0.3928 0.5919 -0.7038
vn 0.2418 0.2149 -0.9462
vn 0.2249 0.1768 -0.9582
vn 0.0039 0.1007 -0.9949
vn -0.0000 0.1007 -0.9949
vn 0.0870 0.1269 -0.9881
vn 0.0790 0.1818 -0.9802
vn 0.7579 -0.2080 -0.6183
vn 0.5732 0.2780 -0.7708
vn 0.3358 0.4248 -0.8407
vn 0.6148 0.2368 -0.7523
vn 0.5507 -0.3543 -0.7558
vn 0.3596 -0.6817 -0.6372
vn 0.3063 -0.5685 -0.7635
vn 0.1037 -0.7485 -0.6550
vn 0.2831 -0.9429 0.1755
vn -0.0073 -0.9852 0.1715
vn -0.3844 -0.8307 0.4027
vn -0.0013 -0.9998 -0.0200
vn -0.4904 -0.6742 0.5522
vn -0.8656 -0.4914 0.0965
vn -0.3177 -0.9474 0.0388
vn -0.5232 -0.8497 -0.0648
vn 0.0007 -0.9998 0.0205
vn 0.7990 0.5966 0.0752
vn 0.6747 0.6076 0.4190
vn 0.6747 0.6062 0.4210
vn 0.6747 0.6060 0.4214
vn -0.0154 0.9799 0.1989
vn -0.0560 0.7838 0.6184
vn -0.5437 0.5592 0.6259
vn -0.7857 0.0167 0.6184
vn -0.2086 0.3810 0.9007
vn 0.5190 -0.7748 -0.3609
vn 0.2181 -0.9720 -0.0875
vn 0.2164 -0.9724 -0.0872
vn 0.2157 -0.9726 -0.0871
vn 0.8479 -0.0610 -0.5266
vn 0.3013 -0.2338 -0.9244
vn -0.0998 0.1656 -0.9811
vn -0.0996 0.1658 -0.9811
vn -0.0997 0.1657 -0.9811
vn -0.6286 0.0427 -0.7765
vn -0.8463 0.0028 -0.5326
vn -0.6900 -0.0475 -0.7223
vn -0.7933 -0.6063 -0.0561
vn -0.5074 -0.8582 -0.0777
vn -0.9838 0.1295 -0.1239
vn -0.9825 0.1522 -0.1074
vn -0.8443 -0.4443 -0.2995
vn -0.9547 0.2123 -0.2086
vn -0.9544 0.2163 -0.2059
vn -0.9545 0.2151 -0.2066
vn -0.9548 0.2110 -0.2095
vn 0.0539 0.8451 0.5320
vn 0.4334 0.8565 0.2804
vn 0.3179 0.9032 0.2884
vn -0.3996 0.9011 0.1686
vn -0.0628 0.9705 0.2329
vn 0.3424 0.9383 0.0493
vn 0.2797 0.4030 0.8714
vn 0.9266 0.3657 0.0874
vn 0.6378 0.1286 -0.7594
vn 0.6368 0.1283 -0.7603
vn 0.6323 0.1273 -0.7642
vn 0.8342 0.2219 0.5049
vn -0.7745 0.6152 -0.1472
vn -0.9069 0.3045 -0.2912
vn -0.6439 -0.7339 -0.2161
vn -0.7052 -0.1497 -0.6930
vn 0.2160 -0.3272 -0.9200
vn 0.2432 -0.6674 -0.7039
vn -0.9159 -0.4013 -0.0061
vn -0.9061 -0.3429 -0.2476
vn -0.6462 -0.3278 0.6892
vn -0.7451 -0.4492 0.4930
vn -0.8106 -0.5159 0.2770
vn -0.6741 0.1268 0.7277
vn -0.8339 -0.4434 0.3286
vn -0.6718 -0.0658 0.7378
vn -0.8328 -0.4588 0.3097
vn -0.8330 -0.4589 0.3090
vn -0.8329 -0.4588 0.3095
vn -0.8633 -0.4129 0.2903
vn -0.7889 -0.4912 0.3693
vn -0.8528 -0.3607 0.3777
vn -0.8594 -0.3543 0.3687
vn -0.8527 -0.3608 0.3778
vn -0.8523 -0.3611 0.3783
vn -0.8293 -0.2665 -0.4912
vn -0.4607 -0.1217 -0.8791
vn 0.5875 0.2073 -0.7822
vn 0.8072 0.3290 -0.4901
vn 0.6178 0.2521 -0.7449
vn 0.7064 0.3252 -0.6287
vn -0.4972 0.3902 0.7749
vn -0.4982 0.3823 0.7782
vn -0.4981 0.3832 0.7779
vn 0.1514 0.5787 0.8013
vn -0.4708 0.3483 0.8106
vn 0.2472 0.3513 0.9030
vn 0.3507 0.4565 0.8177
vn 0.9049 0.3646 -0.2196
vn 0.9075 0.3621 -0.2130
vn 0.9054 0.3641 -0.2184
vn 0.4525 0.5281 0.7186
vn 0.1209 0.5394 0.8333
vn 0.9714 0.1413 0.1909
vn 0.8341 0.3995 0.3804
vn -0.2938 -0.2487 0.9230
vn -0.0193 -0.0860 0.9961
vn 0.7738 -0.4491 -0.4467
vn 0.7230 -0.0414 0.6896
vn 0.0384 0.1491 0.9881
vn -0.5206 -0.8407 -0.1491
vn 0.3435 -0.2267 -0.9114
vn -0.1287 -0.5361 -0.8343
vn -0.1270 -0.5312 -0.8377
vn -0.1292 -0.5374 -0.8334
vn -0.8139 -0.4483 -0.3696
vn -0.8313 -0.4315 -0.3503
vn -0.0005 -0.0727 -0.9974
vn -0.2025 0.1531 -0.9672
vn 0.3295 -0.9441 -0.0043
vn 0.4811 -0.8150 0.3231
vn 0.7486 -0.6442 0.1572
vn 0.7703 -0.4854 0.4136
vn -0.5758 0.3180 0.7532
vn -0.1725 -0.1007 -0.9798
vn -0.7908 0.6074 -0.0757
vn -0.9836 -0.0651 0.1680
vn -0.9837 -0.0652 0.1678
vn -0.9836 -0.0650 0.1682
vn -0.7033 0.0027 0.7109
vn 0.2396 -0.4891 -0.8387
vn -0.6304 -0.0501 0.7746
vn 0.6809 -0.5082 0.5274
vn 0.6933 -0.7026 0.1604
vn -0.4762 0.3348 0.8131
vn -0.1553 -0.1555 -0.9755
vn -0.3137 -0.0958 -0.9447
vn -0.7535 -0.6525 0.0806
vn -0.9066 -0.2458 0.3430
vn -0.9225 -0.2287 0.3111
vn 0.9325 -0.3549 0.0673
vn -0.7663 -0.2628 0.5863
vn 0.6692 -0.6700 -0.3214
vn 0.6611 -0.6997 0.2708
vn -0.2113 -0.1693 -0.9626
vn -0.5898 -0.0577 -0.8055
vn -0.7154 0.5895 0.3750
vn -0.0119 -0.1173 0.9930
vn -0.4718 -0.0326 -0.8811
vn 0.1316 -0.8345 -0.5351
vn 0.7165 -0.4509 -0.5322
vn 0.7875 -0.6102 -0.0865
vn 0.2698 -0.0785 0.9597
vn -0.7560 -0.0748 -0.6502
vn -0.4209 0.1375 -0.8966
vn -0.6160 0.5231 0.5890
vn -0.4461 0.3547 0.8217
vn -0.6372 -0.1930 0.7462
vn 0.5867 0.0137 -0.8097
vn 0.3086 -0.0011 -0.9512
vn 0.0871 0.4532 0.8871
vn -0.7227 0.5529 0.4148
vn 0.3842 0.9119 0.1445
vn 0.9779 0.1748 -0.1152
vn 0.9399 -0.1216 0.3191
vn 0.1495 -0.6924 0.7059
vn -0.0495 -0.4204 0.9060
vn 0.1458 -0.8133 0.5632
vn -0.7997 -0.4328 0.4162
vn 0.4979 0.0852 0.8631
vn 0.1801 0.4882 0.8539
vn 0.3193 0.9219 -0.2193
vn 0.3814 0.9196 0.0937
vn 0.3759 0.9215 0.0975
vn 0.3784 0.9207 0.0958
vn 0.7541 -0.3422 0.5605
vn 0.7658 -0.3168 0.5596
vn 0.4922 -0.1549 -0.8566
vn 0.8490 0.2777 0.4495
vn 0.9352 0.2718 0.2270
vn 0.9092 0.2961 -0.2927
vn 0.8069 0.3779 0.4540
vn 0.7710 0.3791 0.5117
vn 0.1902 0.2484 0.9498
vn -0.8901 -0.3837 0.2461
vn -0.8426 -0.3422 0.4159
vn -0.8026 -0.3656 0.4713
vn -0.1266 -0.5301 -0.8384
vn -0.4477 -0.6512 -0.6127
vn 0.0615 0.3860 -0.9204
vn 0.6155 0.2736 -0.7391
vn 0.9461 0.2001 -0.2545
vn 0.9658 0.1924 -0.1737
vn -0.4523 0.1433 -0.8803
vn -0.3345 0.1291 -0.9335
vn -0.8768 -0.3278 -0.3517
vn -0.8642 -0.3132 -0.3939
vn -0.9533 -0.2867 0.0949
vn -0.9086 -0.0337 -0.4163
vn -0.6191 0.3033 -0.7244
vn -0.6495 0.2766 -0.7083
vn -0.0358 0.3503 -0.9359
vn -0.9190 -0.0366 -0.3926
vn -0.8834 -0.0083 -0.4686
vn -0.4748 -0.5405 -0.6945
vn 0.1980 -0.4273 -0.8822
vn -0.0556 -0.5183 -0.8534
vn -0.9756 -0.1718 0.1363
vn 0.4962 -0.2667 0.8263
vn 0.2140 -0.1114 0.9705
vn -0.2821 -0.1262 0.9510
vn 0.8535 -0.3877 0.3481
vn 0.4811 -0.4089 0.7755
vn -0.0382 0.6997 0.7134
vn -0.0733 -0.7136 0.6967
vn -0.0832 -0.0320 0.9960
vn -0.0076 0.2622 0.9650
vn -0.1815 0.1955 0.9638
vn -0.0341 0.3181 0.9475
vn 0.5351 -0.3192 0.7821
vn -0.1168 -0.9642 0.2380
vn -0.9891 -0.0362 0.1428
vn 0.0743 0.8012 0.5937
vn 0.7823 -0.1465 0.6054
vn 0.7891 -0.2099 0.5773
vn 0.9246 0.0341 0.3794
vn 0.9440 0.0226 0.3291
vn 0.8739 0.4860 0.0089
vn 0.7278 0.6560 0.1999
vn 0.3755 0.9217 0.0978
vn 0.6629 0.7286 -0.1721
vn 0.1858 0.4711 -0.8623
vn 0.1429 0.4460 -0.8836
vn 0.6623 0.4621 -0.5897
vn 0.9560 0.1012 -0.2753
vn 0.9450 0.0770 -0.3178
vn 0.3501 0.7805 -0.5180
vn 0.4777 0.6764 -0.5606
vn 0.9193 -0.1324 -0.3707
vn 0.7876 0.4589 -0.4112
vn 0.8102 0.3016 -0.5027
vn 0.6804 0.7148 -0.1619
vn 0.6819 0.7129 -0.1634
vn 0.6818 0.7131 -0.1633
vn 0.4010 0.9161 -0.0026
vn 0.6558 0.7545 0.0248
vn 0.6801 0.7151 -0.1616
vn 0.6194 0.2907 -0.7293
vn 0.3824 0.6702 0.6360
vn 0.2996 0.7649 0.5703
vn 0.6260 0.6384 0.4479
vn 0.6408 0.5449 0.5407
vn 0.7036 0.4636 0.5386
vn 0.1225 0.4671 0.8757
vn 0.6345 0.1072 0.7654
vn 0.8365 0.0376 0.5467
vn 0.7980 -0.0461 0.6008
vn 0.9355 -0.0404 0.3510
vn 0.9263 0.0422 0.3745
vn 0.9582 0.0211 0.2852
vn 0.9395 -0.2951 0.1737
vn 0.9253 -0.3778 0.0328
vn 0.7562 -0.0831 0.6490
vn 0.8988 0.1033 0.4260
vn -0.7994 0.5990 -0.0461
vn 0.8557 -0.2139 0.4711
vn 0.8558 -0.2135 0.4713
vn 0.8561 -0.2073 0.4734
vn -0.5252 0.7465 -0.4086
vn 0.9277 -0.0598 0.3685
vn 0.0829 0.3614 -0.9287
vn 0.2421 0.4885 -0.8383
vn 0.1730 0.0521 -0.9835
vn 0.3152 -0.0964 -0.9441
vn 0.8094 -0.2794 0.5164
vn 0.8561 -0.2072 0.4735
vn 0.4055 -0.4579 -0.7912
vn 0.9742 -0.1871 0.1262
vn 0.9980 0.0298 0.0564
vn 0.9645 -0.1217 0.2343
vn 0.9168 -0.3937 0.0675
vn 0.9167 -0.3940 0.0666
vn 0.9164 -0.3953 0.0632
vn 0.9162 -0.3958 0.0620
vn 0.8974 -0.4287 0.1043
vn 0.4985 -0.8369 0.2261
vn 0.4993 -0.8363 0.2268
vn 0.4991 -0.8364 0.2266
vn 0.5652 -0.8248 0.0182
vn 0.1810 -0.9490 0.2581
vn 0.7265 -0.6837 0.0688
vn 0.8150 -0.3711 0.4450
vn 0.9394 -0.1294 0.3174
vn 0.8974 -0.1558 0.4129
vn 0.7029 -0.2424 0.6687
vn 0.1719 -0.1907 0.9665
vn 0.0491 -0.3104 0.9493
vn 0.4443 -0.1158 0.8884
vn 0.2385 -0.5221 0.8189
vn 0.3636 -0.2316 0.9023
vn 0.3415 0.3289 0.8805
vn 0.7319 0.2616 0.6291
vn 0.2077 0.4804 0.8521
vn -0.0027 0.6090 0.7932
vn -0.0000 0.6090 0.7932
vn 0.7244 0.5013 0.4733
vn 0.7229 0.5871 0.3644
vn 0.6911 0.5770 0.4352
vn 0.1957 0.6414 0.7419
vn 0.2181 -0.5676 0.7939
vn 0.4365 0.2342 0.8687
vn 0.2391 0.6598 0.7124
vn 0.7675 -0.1025 0.6329
vn 0.6748 0.4215 0.6058
vn -0.1975 -0.8825 0.4268
vn 0.2607 0.9555 0.1384
vn -0.1259 0.9684 0.2155
vn 0.3817 0.1455 0.9128
vn 0.4289 0.4410 0.7884
vn 0.4338 0.6577 0.6158
vn 0.4473 0.6221 0.6426
vn 0.8667 0.1046 0.4877
vn 0.8549 0.0272 0.5182
vn 0.5209 0.0045 0.8536
vn 0.4999 0.3695 0.7833
vn 0.2997 -0.0600 0.9521
vn 0.8719 -0.1683 0.4599
vn 0.6062 0.2496 0.7551
vn 0.5901 0.2347 0.7724
vn -0.0373 -0.5844 0.8106
vn 0.0965 -0.1674 0.9812
vn 0.2103 -0.4858 0.8484
vn 0.8851 0.1921 0.4238
vn 0.5832 0.0109 0.8123
vn 0.8768 -0.2989 0.3767
vn 0.3854 -0.4415 0.8103
vn 0.9356 -0.3526 0.0166
vn 0.2585 -0.3699 0.8924
vn 0.9315 -0.1284 0.3402
vn 0.7979 -0.1707 -0.5782
vn 0.3531 -0.1784 0.9184
vn 0.5212 -0.1628 0.8378
vn 0.2572 -0.3335 0.9070
vn 0.5234 0.2069 0.8266
vn 0.1909 0.2725 0.9430
vn 0.1865 0.2552 0.9487
vn 0.8209 0.1658 0.5465
vn 0.6632 0.2144 0.7171
vn 0.6953 0.0788 0.7144
vn 0.9917 -0.0059 -0.1286
vn 0.9804 0.0944 0.1731
vn 0.9856 -0.0267 0.1670
vn 0.9976 -0.0379 -0.0584
vn 0.9738 -0.0527 -0.2212
vn 0.4883 0.1468 0.8603
vn -0.0131 0.1961 0.9805
vn -0.0132 0.1962 0.9805
vn -0.0137 0.1968 0.9804
vn 0.3144 0.1707 0.9338
vn 0.7956 0.0390 0.6045
vn 0.5766 -0.7696 -0.2744
vn 0.4039 -0.3347 0.8514
vn 0.2927 0.3070 0.9056
vn 0.4441 0.2133 0.8702
vn 0.3268 0.2394 0.9143
vn 0.3075 0.3188 0.8966
vn 0.1750 0.3274 0.9285
vn 0.3895 0.4847 0.7832
vn 0.3441 0.6301 0.6961
vn 0.5649 0.6661 0.4871
vn -0.3862 -0.4017 -0.8304
vn 0.5802 -0.2956 -0.7590
vn 0.5163 -0.2780 -0.8101
vn -0.6269 -0.0786 -0.7751
vn -0.9382 0.1475 -0.3130
vn 0.6090 0.1982 -0.7680
vn 0.6121 0.1947 -0.7664
vn 0.6089 0.1983 -0.7680
vn 0.0098 0.1762 -0.9843
vn 0.5706 0.1884 -0.7993
vn 0.9312 0.0270 -0.3636
vn 0.9903 0.1082 -0.0876
vn 0.9796 0.1359 0.1480
vn 0.8512 -0.0553 -0.5218
vn 0.9590 0.2709 0.0826
vn 0.5444 0.4738 0.6922
vn 0.7468 0.1971 0.6351
vn 0.8299 0.2166 0.5142
vn 0.3061 0.0817 0.9485
vn -0.5016 -0.0920 0.8602
vn -0.5022 -0.0933 0.8597
vn -0.4983 -0.0847 0.8628
vn -0.4976 -0.0831 0.8634
vn -0.9156 -0.2853 0.2834
vn -0.9076 -0.2610 0.3288
vn -0.5225 -0.0427 0.8516
vn -0.5456 -0.0591 0.8359
vn 0.0268 0.0794 0.9965
vn -0.9215 -0.1359 0.3638
vn 0.1583 -0.0504 0.9861
vn 0.4629 0.0954 0.8813
vn -0.5250 -0.2320 0.8188
vn 0.5936 -0.0544 0.8029
vn 0.8253 -0.0140 0.5645
vn -0.8384 -0.2495 0.4847
vn -0.8488 -0.2710 0.4540
vn 0.9644 0.0839 -0.2509
vn 0.6524 -0.0681 0.7548
vn -0.5466 -0.5343 0.6448
vn 0.8692 -0.0928 0.4857
vn 0.8555 -0.1638 0.4913
vn 0.9290 0.0120 0.3700
vn -0.7248 -0.2424 0.6449
vn -0.7537 -0.2135 0.6216
vn 0.1376 -0.3369 0.9314
vn -0.9117 -0.3772 0.1629
vn 0.9108 -0.1990 0.3617
vn 0.9024 -0.2518 0.3496
vn -0.7099 -0.0935 0.6980
vn 0.2747 -0.2539 0.9274
vn 0.9707 -0.1623 0.1773
vn -0.7785 0.2586 0.5719
vn -0.0834 0.4289 0.8995
vn 0.9794 -0.0013 0.2019
vn 0.9709 -0.0181 0.2388
vn 0.8877 -0.0560 -0.4570
vn -0.8444 -0.3962 0.3607
vn -0.9166 -0.3996 0.0085
vn 0.6850 0.3438 -0.6423
vn -0.8206 -0.5136 -0.2506
vn -0.6621 -0.2719 -0.6984
vn 0.7736 0.4521 -0.4440
vn -0.5692 -0.3511 -0.7435
vn -0.7540 -0.6003 -0.2668
vn -0.7440 -0.6335 0.2127
vn -0.8376 -0.5411 0.0748
vn -0.6940 -0.3367 -0.6364
vn -0.1657 -0.1641 -0.9724
vn 0.1342 -0.0208 -0.9907
vn 0.8565 0.5145 0.0420
vn 0.2326 -0.0517 0.9712
vn 0.0877 0.3322 0.9391
vn 0.1722 0.2072 0.9630
vn -0.0952 0.0513 0.9941
vn 0.7039 0.2899 -0.6484
vn -0.1653 -0.2513 -0.9537
vn -0.2950 -0.4185 -0.8590
vn -0.3833 -0.5139 -0.7674
vn -0.1616 -0.3063 -0.9381
vn 0.1043 -0.1837 -0.9774
vn 0.7825 0.5578 -0.2765
vn 0.6948 0.5419 -0.4730
vn 0.6683 0.1947 -0.7180
vn 0.4978 0.1556 -0.8532
vn -0.5342 -0.4943 -0.6857
vn -0.2963 -0.2391 -0.9247
vn -0.2209 -0.0996 -0.9702
vn 0.4563 0.3146 -0.8323
vn 0.6654 0.2461 -0.7048
vn 0.0408 -0.0095 0.9991
vn 0.5722 0.3683 0.7328
vn 0.7451 0.2660 0.6117
vn -0.2324 -0.2075 0.9502
vn 0.2050 -0.0490 0.9775
vn -0.4693 -0.3720 0.8009
vn -0.3140 -0.1881 0.9306
vn 0.9194 0.2903 0.2653
vn 0.9241 0.2900 0.2489
vn 0.7359 0.1931 0.6490
vn 0.7217 0.3955 -0.5680
vn -0.0687 -0.0833 -0.9942
vn 0.2780 -0.0711 -0.9579
vn 0.8602 0.4233 -0.2845
vn 0.7879 0.4348 0.4361
vn 0.7867 0.1694 0.5936
vn 0.5964 0.7756 -0.2066
vn 0.7865 0.6176 -0.0068
vn 0.7166 0.4186 0.5579
vn 0.9717 -0.1638 -0.1703
vn 0.7154 -0.4180 -0.5599
vn 0.6480 -0.3700 -0.6657
vn 0.8973 -0.1173 -0.4256
vn 0.7568 -0.2354 -0.6098
vn 0.3049 -0.4733 -0.8265
vn 0.4418 -0.2657 -0.8569
vn 0.4550 -0.2711 -0.8482
vn 0.3004 -0.4320 -0.8504
vn 0.3246 -0.2973 -0.8979
vn 0.2345 -0.2744 -0.9326
vn 0.1185 -0.2242 -0.9673
vn 0.6399 -0.1300 -0.7574
vn 0.6681 -0.1491 -0.7290
vn 0.5602 -0.1922 -0.8057
vn 0.0011 -1.0000 0.0007
vn 0.5224 -0.1728 -0.8350
vn 0.5215 -0.1734 -0.8354
vn 0.5172 -0.1765 -0.8375
vn 0.3601 0.0468 -0.9317
vn 0.3246 0.2487 -0.9126
vn 0.3650 0.5320 -0.7640
vn 0.3086 0.6519 -0.6926
vn 0.3849 0.8314 -0.4009
vn 0.2974 0.9546 -0.0198
vn 0.1879 0.3081 -0.9326
vn 0.2937 0.0515 -0.9545
vn 0.1897 0.4168 -0.8890
vn -0.0258 -0.2788 -0.9600
vn 0.0819 -0.3609 -0.9290
vn 0.0421 -0.2204 -0.9745
vn 0.4628 0.0954 -0.8813
vn 0.2390 0.0668 -0.9687
vn 0.5970 -0.1313 -0.7914
vn 0.7425 0.2171 -0.6337
vn 0.5026 0.3070 -0.8081
vn 0.9699 0.0159 -0.2428
vn 0.9812 0.0432 -0.1882
vn 0.9639 -0.2642 -0.0337
vn 0.9381 0.3432 0.0474
vn 0.9544 0.2864 0.0848
vn 0.9449 0.1553 -0.2880
vn 0.6176 0.1785 -0.7660
vn 0.7913 0.2713 -0.5479
vn 0.5224 -0.1523 -0.8390
vn 0.5237 -0.1528 -0.8381
vn 0.5229 -0.1525 -0.8386
vn 0.2818 0.2314 -0.9312
vn 0.6737 -0.4413 -0.5928
vn 0.5222 -0.1522 -0.8391
vn -0.0352 0.1895 -0.9813
vn 0.4998 -0.7984 -0.3358
vn 0.4660 -0.8784 -0.1058
vn 0.2779 -0.9605 -0.0113
vn 0.1093 -0.9940 0.0053
vn -0.0919 -0.9040 0.4175
vn 0.4121 -0.7795 0.4717
vn -0.2275 -0.9642 -0.1364
vn 0.1251 -0.9903 0.0597
vn -0.2284 -0.9730 -0.0325
vn 0.1891 -0.8769 0.4419
vn -0.4419 -0.7878 0.4290
vn -0.0166 -0.9997 0.0185
vn 0.9375 0.2188 -0.2707
vn 0.2191 -0.9718 -0.0877
vn 0.4571 -0.8890 0.0257
vn 0.6709 -0.7415 -0.0051
vn 0.3847 0.4136 0.8252
vn 0.6747 0.6080 0.4184
vn 0.9628 0.2683 0.0322
vn -0.0348 0.6697 0.7418
vn 0.7257 0.6870 0.0357
vn 0.5040 0.8632 0.0293
vn 0.5038 0.8633 0.0307
vn 0.5038 0.8633 0.0310
vn -0.1392 0.9299 0.3406
vn -0.1778 0.8521 0.4922
vn -0.6498 0.4895 0.5815
vn -0.7492 0.6250 0.2194
vn -0.8649 0.4343 0.2515
vn -0.5467 0.5173 0.6584
vn -0.2840 0.5371 0.7943
vn -0.3073 -0.2881 0.9069
vn -0.1557 -0.0478 0.9866
vn 0.7470 0.6427 -0.1699
vn 0.7464 0.6435 -0.1697
vn 0.7437 0.6468 -0.1693
vn 0.7427 0.6479 -0.1691
vn 0.5040 0.8632 0.0290
vn -0.0214 -0.9998 -0.0050
vn -0.0216 -0.9998 -0.0050
vn -0.0214 -0.9998 -0.0049
vn -0.0217 -0.9998 -0.0051
vn -0.1034 -0.9167 -0.3860
vn 0.6315 0.1271 -0.7649
vn 0.8192 0.0754 -0.5686
vn 0.2890 -0.3958 -0.8717
vn -0.0994 0.1660 -0.9811
vn 0.3614 0.2741 -0.8912
vn -0.9020 0.1875 -0.3888
vn -0.9252 0.1986 -0.3234
vn -0.8189 0.2557 -0.5139
vn -0.6665 0.7241 0.1776
vn -0.7079 0.6855 0.1701
vn -0.6640 0.7475 -0.0214
vn -0.3954 0.7529 0.5262
vn -0.0609 0.8754 0.4795
vn -0.3155 0.9087 0.2733
vn -0.1368 0.9548 0.2641
vn 0.0311 0.9696 0.2427
vn -0.1478 0.9457 0.2895
vn -0.4909 0.8614 0.1303
vn 0.7251 -0.1794 0.6648
vn 0.8578 0.4998 -0.1200
vn 0.8316 0.1187 -0.5425
vn 0.4952 0.7050 0.5077
vn 0.0788 0.9785 0.1907
vn -0.4571 0.8861 -0.0770
vn -0.4597 0.0999 0.8825
vn -0.2382 -0.3379 -0.9105
vn -0.9940 0.0634 0.0893
vn 0.1877 -0.5233 -0.8313
vn -0.7936 -0.5582 -0.2420
vn -0.9299 -0.1592 0.3315
vn -0.1979 -0.9167 0.3473
vn -0.7434 0.1836 0.6432
vn -0.9414 -0.3084 0.1366
vn -0.8354 -0.4606 0.2999
vn -0.7571 -0.6127 0.2268
vn -0.7549 -0.6071 0.2482
vn -0.4219 0.1161 -0.8992
vn -0.9187 -0.3208 -0.2306
vn -0.3321 0.0721 -0.9405
vn 0.0703 0.1150 -0.9909
vn -0.8099 -0.4572 0.3675
vn -0.8114 -0.4600 0.3606
vn -0.8100 -0.4575 0.3667
vn -0.8117 -0.4606 0.3590
vn -0.9062 -0.3312 -0.2631
vn -0.3643 -0.1249 -0.9229
vn 0.7351 0.2329 -0.6367
vn 0.4618 0.3355 -0.8211
vn 0.8379 0.0841 -0.5393
vn 0.9659 0.2189 -0.1385
vn 0.9634 0.0954 -0.2504
vn 0.8776 0.4789 0.0228
vn -0.4972 0.3904 0.7749
vn 0.7510 0.5359 0.3857
vn 0.8900 0.4547 0.0328
vn 0.9077 0.3618 -0.2123
vn 0.8882 0.4453 0.1131
vn 0.8465 0.5279 0.0692
vn 0.2654 0.6186 0.7395
vn 0.9607 0.0763 0.2668
vn 0.7876 0.3840 0.4820
vn 0.2404 -0.1202 0.9632
vn 0.6561 -0.3723 0.6565
vn -0.1544 0.1095 0.9819
vn 0.9708 -0.2219 0.0908
vn 0.2944 -0.3385 0.8937
vn 0.8509 0.2452 -0.4646
vn -0.6170 -0.5989 -0.5105
vn -0.7742 -0.6329 0.0055
vn -0.9202 -0.3618 -0.1496
vn 0.6407 0.0208 -0.7675
vn 0.5828 -0.3002 -0.7552
vn -0.5349 0.2996 0.7900
vn 0.0120 -0.1989 -0.9799
vn -0.7885 0.6138 -0.0379
vn -0.9837 -0.0653 0.1677
vn -0.0594 -0.1063 0.9926
vn 0.9757 -0.2136 0.0477
vn -0.2185 0.0509 -0.9745
vn 0.6883 -0.7191 -0.0958
vn -0.7087 0.4526 0.5411
vn -0.7642 0.6412 -0.0702
vn -0.8985 -0.3985 -0.1841
vn 0.1474 -0.1544 0.9769
vn 0.0344 -0.2610 0.9647
vn 0.9723 -0.2169 -0.0875
vn 0.9639 -0.1579 -0.2144
vn -0.5672 0.2802 -0.7745
vn 0.1580 -0.4825 -0.8615
vn 0.1411 0.0231 0.9897
vn -0.7598 0.5763 0.3010
vn -0.8137 -0.1581 0.5594
vn -0.8932 -0.3619 0.2668
vn 0.2895 -0.2630 0.9203
vn 0.9633 -0.0242 -0.2672
vn 0.8108 -0.1632 -0.5620
vn -0.8128 0.4070 -0.4168
vn -0.6998 -0.2258 0.6777
vn 0.4385 -0.1569 0.8850
vn 0.3488 -0.2142 0.9124
vn 0.7694 0.0500 -0.6368
vn 0.5797 -0.0514 -0.8132
vn 0.6305 0.0243 -0.7758
vn -0.2662 0.0534 -0.9624
vn -0.9258 0.2550 -0.2791
vn 0.2159 -0.0948 0.9718
vn -0.4662 0.3689 0.8041
vn -0.7086 0.5034 0.4945
vn 0.3822 0.9113 0.1534
vn 0.3939 0.6608 0.6389
vn 0.6320 -0.1481 0.7607
vn 0.7744 -0.0442 0.6312
vn 0.6990 -0.7128 -0.0579
vn -0.2682 -0.9337 0.2372
vn -0.6611 -0.5107 0.5498
vn -0.3776 -0.3240 0.8674
vn 0.4292 0.0360 0.9025
vn 0.1972 0.2250 0.9542
vn 0.3454 0.1507 0.9263
vn 0.1631 0.5060 0.8470
vn 0.2079 0.8348 0.5099
vn 0.2715 0.8522 0.4473
vn 0.5949 0.3773 -0.7098
vn 0.6504 -0.1884 0.7359
vn 0.6492 -0.1884 0.7369
vn 0.6596 -0.1891 0.7275
vn 0.5165 -0.1769 -0.8378
vn -0.1288 0.0923 -0.9874
vn 0.7559 0.1798 0.6295
vn 0.7538 0.1706 0.6346
vn 0.7555 0.1781 0.6305
vn 0.7533 0.1685 0.6357
vn 0.8400 0.3688 -0.3981
vn -0.7999 -0.5239 -0.2927
vn 0.9023 0.4290 -0.0437
vn 0.9098 0.3858 0.1530
vn 0.5684 0.2763 0.7749
vn -0.8749 0.4764 0.0877
vn -0.6842 -0.7038 0.1913
vn 0.2870 -0.2410 -0.9271
vn -0.5841 -0.6167 -0.5277
vn 0.6067 0.0204 -0.7946
vn 0.5653 0.3198 -0.7604
vn 0.9534 0.0557 -0.2965
vn 0.9363 0.1751 -0.3045
vn 0.9810 0.1559 -0.1157
vn -0.9344 -0.1465 -0.3246
vn -0.8390 0.0584 -0.5409
vn -0.9971 -0.0665 0.0372
vn -0.9787 -0.0369 0.2018
vn -0.5052 -0.5481 -0.6666
vn -0.1607 -0.5273 -0.8344
vn -0.0885 0.1226 -0.9885
vn -0.9770 -0.2108 0.0329
vn 0.3829 0.1863 -0.9048
vn 0.4826 -0.1609 0.8609
vn 0.5626 -0.3593 0.7446
vn 0.2501 -0.5825 0.7734
vn 0.6452 -0.4626 0.6081
vn 0.1636 -0.6008 0.7824
vn 0.1583 0.5853 -0.7952
vn 0.2655 0.3395 0.9024
vn 0.0292 -0.0346 -0.9990
vn 0.2214 0.5663 0.7939
vn -0.0000 -0.0004 -1.0000
vn -0.0024 -0.0004 -1.0000
vn -0.1289 0.4244 -0.8963
vn 0.1555 0.8411 -0.5181
vn -0.1520 -0.9792 0.1341
vn -0.3672 -0.9283 -0.0576
vn 0.1017 0.4313 -0.8965
vn -0.0897 0.2843 0.9545
vn 0.0077 -0.9550 0.2965
vn 0.2003 0.5553 0.8071
vn -0.2120 -0.9507 0.2265
vn -0.0110 0.4744 -0.8802
vn 0.2350 -0.4870 0.8412
vn -0.2087 0.1210 0.9705
vn -0.1397 0.4132 -0.8999
vn 0.4999 -0.8357 0.2273
vn -0.1640 0.1944 0.9671
vn -0.2054 -0.9318 0.2993
vn 0.1800 0.3786 0.9079
vn 0.2831 -0.6024 0.7463
vn 0.2634 0.9564 0.1264
vn 0.0761 -0.3945 -0.9157
vn 0.0199 -0.2316 -0.9726
vn -0.0818 0.1916 -0.9781
vn -0.1289 -0.3035 0.9441
vn 0.0633 0.1714 -0.9832
vn -0.1275 -0.2288 -0.9651
vn -0.0753 0.2571 0.9634
vn -0.1223 -0.0723 -0.9899
vn -0.0130 0.1960 0.9805
vn -0.3825 -0.9227 -0.0479
vn 0.1396 0.9468 -0.2901
vn -0.0462 -0.3489 -0.9360
vn 0.3195 -0.0972 0.9426
vn -0.0795 -0.9872 -0.1384
vn 0.2925 0.6182 -0.7296
vn 0.1599 0.7132 -0.6825
vn -0.0137 0.6578 0.7531
vn 0.1956 0.8197 -0.5383
vn 0.1218 0.9533 -0.2763
vn -0.0136 -0.2206 -0.9753
vn 0.2175 -0.6994 -0.6809
vn 0.1128 0.5851 0.8031
vn 0.2046 0.4067 0.8904
vn 0.1606 0.3966 0.9038
vn 0.1236 0.2656 -0.9561
vn 0.0229 0.8794 0.4754
vn -0.0691 -0.2333 0.9699
vn -0.1782 -0.6430 0.7449
vn -0.0758 -0.5110 0.8562
vn -0.1149 -0.9176 0.3804
vn 0.0901 -0.3757 0.9224
vn 0.0645 0.2580 -0.9640
vn 0.1856 -0.8029 0.5665
vn 0.9750 -0.0507 0.2165
vn 0.9736 0.0867 -0.2110
vn -0.3542 -0.1280 0.9264
vn -0.7064 0.6989 -0.1119
vn -0.4162 0.4340 -0.7990
vn -0.5850 0.6712 -0.4552
vn -0.5850 0.6222 -0.5202
vn -0.8416 0.3642 -0.3988
vn -0.6962 0.4660 -0.5461
vn -0.9946 0.0579 -0.0860
vn -0.9150 0.3597 -0.1826
vn -0.5907 0.3378 -0.7327
vn -0.8435 -0.2691 0.4649
vn -0.3939 0.8535 -0.3412
vn -0.2944 0.9187 -0.2632
vn -0.1382 0.9903 -0.0167
vn -0.2474 0.8986 0.3624
vn -0.3332 0.8286 0.4499
vn -0.7370 0.5835 0.3412
vn -0.8586 0.1668 0.4848
vn -0.3334 0.6237 0.7071
vn -0.4869 0.1590 0.8588
vn -0.3545 0.0879 0.9309
vn -0.7191 0.1559 0.6772
vn -0.8189 0.0436 0.5723
vn -0.9420 -0.0665 0.3289
vn -0.9612 0.0085 0.2759
vn -0.9599 0.0684 0.2718
vn -0.8705 0.3344 0.3612
vn -0.9132 0.1863 0.3625
vn -0.8479 -0.0073 0.5300
vn -0.9964 -0.0749 0.0399
vn -0.9846 -0.1689 -0.0445
vn -0.9599 -0.2347 0.1532
vn -0.7475 0.0041 0.6642
vn 0.4077 0.8858 -0.2218
vn -0.8067 0.3484 0.4773
vn -0.0982 0.6866 -0.7204
vn -0.9363 0.1826 0.2999
vn -0.9313 -0.3484 0.1061
vn -0.6757 -0.5839 -0.4499
vn -0.5946 -0.7699 0.2316
vn -0.9851 -0.1280 0.1152
vn -0.9593 -0.1583 0.2339
vn -0.7267 -0.6855 0.0457
vn -0.2643 -0.8510 0.4538
vn -0.1947 -0.9744 -0.1121
vn -0.2785 -0.5328 0.7991
vn -0.4634 -0.8789 -0.1130
vn -0.6997 -0.7120 0.0581
vn -0.8387 -0.5097 0.1918
vn -0.9393 -0.2951 0.1752
vn -0.9380 -0.2948 0.1822
vn -0.9383 -0.2949 0.1809
vn -0.4937 -0.7795 0.3855
vn -0.5397 -0.5840 0.6063
vn -0.7822 -0.3759 0.4969
vn -0.4259 -0.5146 0.7442
vn -0.5186 -0.2902 0.8043
vn -0.6319 0.2003 0.7487
vn -0.1584 -0.0657 0.9852
vn -0.3226 -0.8120 0.4865
vn -0.0472 0.1298 0.9904
vn 0.0028 0.6528 0.7576
vn -0.3331 0.7457 0.5770
vn -0.1708 0.5397 0.8243
vn -0.8608 -0.0098 0.5088
vn -0.5914 -0.2968 0.7498
vn -0.2443 0.3566 0.9017
vn -0.1468 -0.9002 0.4099
vn -0.2036 -0.7270 0.6557
vn -0.2688 -0.3107 0.9117
vn -0.1173 0.0317 0.9926
vn -0.3127 -0.2833 0.9066
vn -0.3938 -0.3007 0.8686
vn -0.4432 -0.2694 0.8550
vn -0.7656 0.3747 0.5229
vn -0.1371 -0.9251 0.3542
vn -0.6951 -0.6154 0.3716
vn 0.3987 0.7942 0.4585
vn -0.6153 0.6364 0.4651
vn -0.5315 0.3392 0.7762
vn -0.6226 0.3903 0.6783
vn -0.4999 0.4120 0.7618
vn -0.4665 0.3982 0.7898
vn -0.5162 -0.2408 0.8219
vn -0.5335 -0.4555 0.7127
vn -0.6459 0.4973 0.5793
vn 0.0135 -0.1961 0.9805
vn -0.0928 -0.5873 0.8040
vn -0.3146 -0.1460 0.9379
vn -0.8288 0.2502 0.5006
vn -0.7630 -0.0472 0.6446
vn -0.9621 -0.1923 0.1934
vn -0.9235 -0.3124 0.2225
vn -0.8603 -0.1423 0.4895
vn -0.8453 -0.2089 0.4917
vn -0.8852 -0.4006 -0.2367
vn -0.9135 -0.2224 -0.3406
vn -0.5666 -0.3216 0.7586
vn -0.3067 -0.2961 0.9046
vn -0.8048 0.0258 0.5929
vn -0.9444 -0.0851 0.3177
vn -0.2280 0.0113 0.9736
vn -0.6401 0.0025 0.7683
vn -0.2915 0.1790 0.9397
vn -0.3122 0.1701 0.9347
vn -0.3055 0.1684 0.9372
vn -0.3075 0.1689 0.9364
vn -0.5063 0.1885 0.8415
vn -0.8101 0.1597 0.5641
vn -0.9347 0.0714 0.3482
vn -0.6052 0.0768 0.7924
vn -0.8016 -0.0393 0.5966
vn -0.9966 0.0409 -0.0718
vn -0.9990 -0.0266 -0.0368
vn -0.9359 0.0227 0.3516
vn -0.6637 -0.0197 0.7478
vn -0.4518 0.1311 0.8824
vn -0.1264 0.2360 0.9635
vn -0.9394 0.0006 0.3428
vn -0.9765 -0.0654 -0.2055
vn -0.9202 -0.3896 -0.0376
vn -0.8165 -0.4622 -0.3461
vn -0.3126 -0.9405 0.1333
vn -0.2709 0.0993 0.9575
vn -0.1212 0.2909 0.9491
vn -0.1659 0.2750 0.9470
vn 0.2191 -0.3434 -0.9133
vn 0.5276 -0.3438 -0.7768
vn -0.3651 -0.2878 -0.8854
vn 0.4839 0.1274 -0.8658
vn -0.1898 -0.0309 -0.9813
vn -0.4626 0.1112 -0.8796
vn -0.9200 -0.1276 -0.3707
vn -0.9975 -0.0406 0.0573
vn -0.9743 -0.1326 -0.1820
vn -0.9206 -0.0587 -0.3860
vn -0.9867 0.1438 0.0759
vn -0.9343 -0.0390 -0.3543
vn -0.8566 0.2397 -0.4569
vn -0.8577 0.2386 -0.4554
vn -0.8514 0.2447 -0.4639
vn -0.8983 0.3933 -0.1960
vn -0.7632 0.3323 0.5542
vn -0.7112 0.1466 0.6875
vn 0.1766 0.0934 0.9798
vn 0.1831 0.0719 0.9805
vn 0.9453 -0.2932 0.1427
vn 0.8216 -0.1740 0.5429
vn 0.2058 0.0822 0.9751
vn 0.0530 0.1100 0.9925
vn -0.3933 -0.0000 0.9194
vn 0.0452 -0.0294 0.9985
vn 0.3471 -0.0890 0.9336
vn -0.8876 -0.0603 0.4567
vn 0.8410 -0.3032 0.4480
vn -0.1227 -0.3153 0.9410
vn 0.3095 -0.3864 0.8689
vn -0.8507 0.0938 0.5173
vn 0.8578 -0.2507 0.4487
vn -0.1456 -0.3237 0.9349
vn -0.4868 -0.2155 0.8465
vn -0.7494 -0.2263 0.6222
vn 0.5475 -0.4101 0.7294
vn 0.7083 -0.2427 0.6629
vn 0.2711 -0.3627 0.8916
vn 0.7085 -0.0928 0.6996
vn 0.7096 -0.0933 0.6984
vn 0.7081 -0.0926 0.7000
vn 0.2016 -0.1824 0.9623
vn -0.0272 -0.2731 0.9616
vn -0.7801 -0.2840 0.5575
vn 0.7967 0.2097 0.5668
vn -0.1412 0.0866 0.9862
vn -0.4388 0.2020 0.8756
vn -0.7839 0.2937 0.5470
vn -0.8528 -0.0260 -0.5215
vn 0.8262 -0.5557 0.0931
vn 0.8223 -0.4437 -0.3564
vn 0.8802 -0.4746 -0.0021
vn 0.8453 -0.4403 0.3028
vn 0.9193 -0.3910 0.0455
vn 0.8618 -0.4927 -0.1205
vn 0.5365 -0.2611 -0.8025
vn 0.1890 -0.1155 -0.9752
vn 0.1266 -0.0733 -0.9892
vn -0.5769 0.2032 -0.7912
vn -0.6470 0.2441 -0.7223
vn -0.8946 0.3119 -0.3201
vn -0.8596 0.2777 -0.4289
vn -0.7541 0.4561 -0.4727
vn -0.3773 0.2220 -0.8991
vn 0.7499 -0.5901 -0.2989
vn 0.8062 -0.5916 -0.0110
vn 0.7739 -0.5883 0.2345
vn 0.7418 -0.6672 0.0685
vn 0.7010 -0.6303 -0.3337
vn 0.8098 -0.5242 0.2636
vn 0.7622 -0.3436 -0.5486
vn 0.3422 -0.1841 -0.9214
vn -0.6904 0.3538 -0.6310
vn -0.7407 0.5506 0.3850
vn -0.8912 0.4438 0.0935
vn -0.6014 0.5812 0.5482
vn -0.6129 0.5985 0.5159
vn 0.2224 0.0483 0.9738
vn 0.6823 -0.6368 0.3591
vn 0.7536 -0.1877 0.6300
vn 0.2913 -0.3572 0.8874
vn -0.1784 0.4669 0.8661
vn 0.2282 -0.1387 0.9637
vn 0.4873 -0.4227 0.7641
vn 0.3169 -0.1863 0.9300
vn -0.3255 0.2610 0.9088
vn -0.5753 0.3876 0.7202
vn -0.7464 0.3930 0.5371
vn -0.1432 0.2112 0.9669
vn -0.1492 0.2137 0.9654
vn -0.1519 0.2149 0.9647
vn -0.1406 0.2101 0.9675
vn 0.4951 -0.2773 0.8234
vn 0.2453 -0.1060 0.9636
vn -0.7478 0.6516 0.1277
vn -0.4924 0.4860 0.7220
vn -0.5108 0.4918 0.7051
vn 0.2894 -0.4270 -0.8567
vn 0.2891 -0.4274 -0.8566
vn 0.2948 -0.4188 -0.8589
vn -0.1112 -0.1649 -0.9800
vn -0.8139 0.3867 -0.4336
vn 0.5026 -0.3519 -0.7896
vn -0.5253 0.2331 -0.8184
vn 0.1210 -0.2195 0.9681
vn 0.5272 -0.3989 0.7503
vn -0.8708 0.4544 0.1878
vn -0.9220 0.3074 0.2355
vn -0.2057 -0.0489 0.9774
vn -0.2067 -0.0487 0.9772
vn -0.2072 -0.0486 0.9771
vn -0.7793 0.1934 0.5961
vn 0.5507 -0.4969 -0.6707
vn -0.8329 0.3900 -0.3928
vn -0.8274 0.5378 -0.1616
vn -0.7262 0.2416 0.6437
vn -0.7168 0.6321 -0.2943
vn -0.7498 0.4602 0.4754
vn -0.6543 0.6471 0.3913
vn -0.8718 -0.3371 -0.3554
vn -0.8462 -0.3302 -0.4183
vn -0.9029 -0.1181 -0.4132
vn -0.9017 -0.1180 -0.4159
vn -0.8986 -0.1175 -0.4228
vn -0.6982 -0.2213 -0.6808
vn -0.1915 -0.3413 -0.9202
vn -0.8254 -0.1176 -0.5522
vn -0.7506 -0.1534 -0.6427
vn -0.8955 -0.1443 -0.4211
vn -0.5963 -0.2890 -0.7489
vn -0.5642 -0.1878 -0.8040
vn -0.5607 -0.1917 -0.8056
vn -0.5640 -0.1880 -0.8041
vn -0.5661 -0.1363 -0.8130
vn -0.4160 0.1795 -0.8915
vn -0.3928 0.5919 -0.7038
vn -0.2418 0.2149 -0.9462
vn -0.2249 0.1768 -0.9582
vn -0.0039 0.1007 -0.9949
vn -0.0870 0.1269 -0.9881
vn -0.0790 0.1818 -0.9802
vn -0.7579 -0.2080 -0.6183
vn -0.5732 0.2780 -0.7708
vn -0.3358 0.4248 -0.8407
vn -0.6148 0.2368 -0.7523
vn -0.5507 -0.3543 -0.7558
vn -0.3596 -0.6817 -0.6372
vn -0.3063 -0.5685 -0.7635
vn -0.1037 -0.7485 -0.6550
vn -0.2831 -0.9429 0.1755
vn 0.0073 -0.9852 0.1715
vn 0.3844 -0.8307 0.4027
vn 0.0013 -0.9998 -0.0200
vn 0.4904 -0.6742 0.5522
vn 0.8656 -0.4914 0.0965
vn 0.3177 -0.9474 0.0388
vn 0.5232 -0.8497 -0.0648
vn -0.0007 -0.9998 0.0205
vn -0.7990 0.5966 0.0752
vn -0.6747 0.6076 0.4190
vn -0.6747 0.6060 0.4214
vn -0.6747 0.6062 0.4210
vn 0.0154 0.9799 0.1989
vn 0.0560 0.7838 0.6184
vn 0.5437 0.5592 0.6259
vn 0.7857 0.0167 0.6184
vn 0.2086 0.3810 0.9007
vn -0.5190 -0.7748 -0.3609
vn -0.2181 -0.9720 -0.0875
vn -0.2157 -0.9726 -0.0871
vn -0.2164 -0.9724 -0.0872
vn -0.8479 -0.0610 -0.5266
vn -0.3013 -0.2338 -0.9244
vn 0.0998 0.1656 -0.9811
vn 0.0997 0.1657 -0.9811
vn 0.0996 0.1658 -0.9811
vn 0.6286 0.0427 -0.7765
vn 0.8463 0.0028 -0.5326
vn 0.6900 -0.0475 -0.7223
vn 0.7933 -0.6063 -0.0561
vn 0.5074 -0.8582 -0.0777
vn 0.9838 0.1295 -0.1239
vn 0.9825 0.1522 -0.1074
vn 0.8443 -0.4443 -0.2995
vn 0.9547 0.2123 -0.2086
vn 0.9545 0.2151 -0.2066
vn 0.9544 0.2163 -0.2059
vn 0.9548 0.2110 -0.2095
vn -0.0539 0.8451 0.5320
vn -0.4334 0.8565 0.2804
vn -0.3179 0.9032 0.2884
vn 0.3996 0.9011 0.1686
vn 0.0628 0.9705 0.2329
vn -0.3424 0.9383 0.0493
vn -0.2797 0.4030 0.8714
vn -0.9266 0.3657 0.0874
vn -0.6378 0.1286 -0.7594
vn -0.6323 0.1273 -0.7642
vn -0.6368 0.1283 -0.7603
vn -0.8342 0.2219 0.5049
vn 0.7745 0.6152 -0.1472
vn 0.9069 0.3045 -0.2912
vn 0.6439 -0.7339 -0.2161
vn 0.7052 -0.1497 -0.6930
vn -0.2160 -0.3272 -0.9200
vn -0.2432 -0.6674 -0.7039
vn 0.9159 -0.4013 -0.0061
vn 0.9061 -0.3429 -0.2476
vn 0.6462 -0.3278 0.6892
vn 0.7451 -0.4492 0.4930
vn 0.8106 -0.5159 0.2770
vn 0.6741 0.1268 0.7277
vn 0.8339 -0.4434 0.3286
vn 0.6718 -0.0658 0.7378
vn 0.8328 -0.4588 0.3097
vn 0.8329 -0.4588 0.3095
vn 0.8330 -0.4589 0.3090
vn 0.8633 -0.4129 0.2903
vn 0.7889 -0.4912 0.3693
vn 0.8528 -0.3607 0.3777
vn 0.8527 -0.3608 0.3778
vn 0.8594 -0.3543 0.3687
vn 0.8523 -0.3611 0.3783
vn 0.8293 -0.2665 -0.4912
vn 0.4607 -0.1217 -0.8791
vn -0.5875 0.2073 -0.7822
vn -0.8072 0.3290 -0.4901
vn -0.6178 0.2521 -0.7449
vn -0.7064 0.3252 -0.6287
vn 0.4972 0.3902 0.7749
vn 0.4981 0.3832 0.7779
vn 0.4982 0.3823 0.7782
vn -0.1514 0.5787 0.8013
vn 0.4708 0.3483 0.8106
vn -0.2472 0.3513 0.9030
vn -0.3507 0.4565 0.8177
vn -0.9049 0.3646 -0.2196
vn -0.9054 0.3641 -0.2184
vn -0.9075 0.3621 -0.2130
vn -0.4525 0.5281 0.7186
vn -0.1209 0.5394 0.8333
vn -0.9714 0.1413 0.1909
vn -0.8341 0.3995 0.3804
vn 0.2938 -0.2487 0.9230
vn 0.0193 -0.0860 0.9961
vn -0.7738 -0.4491 -0.4467
vn -0.7230 -0.0414 0.6896
vn -0.0384 0.1491 0.9881
vn 0.5206 -0.8407 -0.1491
vn -0.3435 -0.2267 -0.9114
vn 0.1287 -0.5361 -0.8343
vn 0.1292 -0.5374 -0.8334
vn 0.1270 -0.5312 -0.8377
vn 0.8139 -0.4483 -0.3696
vn 0.8313 -0.4315 -0.3503
vn 0.0005 -0.0727 -0.9974
vn 0.2025 0.1531 -0.9672
vn -0.3295 -0.9441 -0.0043
vn -0.4811 -0.8150 0.3231
vn -0.7486 -0.6442 0.1572
vn -0.7703 -0.4854 0.4136
vn 0.5758 0.3180 0.7532
vn 0.1725 -0.1007 -0.9798
vn 0.7908 0.6074 -0.0757
vn 0.9836 -0.0651 0.1680
vn 0.9836 -0.0650 0.1682
vn 0.9837 -0.0652 0.1678
vn 0.7033 0.0027 0.7109
vn -0.2396 -0.4891 -0.8387
vn 0.6304 -0.0501 0.7746
vn -0.6809 -0.5082 0.5274
vn -0.6933 -0.7026 0.1604
vn 0.4762 0.3348 0.8131
vn 0.1553 -0.1555 -0.9755
vn 0.3137 -0.0958 -0.9447
vn 0.7535 -0.6525 0.0806
vn 0.9066 -0.2458 0.3430
vn 0.9225 -0.2287 0.3111
vn -0.9325 -0.3549 0.0673
vn 0.7663 -0.2628 0.5863
vn -0.6692 -0.6700 -0.3214
vn -0.6611 -0.6997 0.2708
vn 0.2113 -0.1693 -0.9626
vn 0.5898 -0.0577 -0.8055
vn 0.7154 0.5895 0.3750
vn 0.0119 -0.1173 0.9930
vn 0.4718 -0.0326 -0.8811
vn -0.1316 -0.8345 -0.5351
vn -0.7165 -0.4509 -0.5322
vn -0.7875 -0.6102 -0.0865
vn -0.2698 -0.0785 0.9597
vn 0.7560 -0.0748 -0.6502
vn 0.4209 0.1375 -0.8966
vn 0.6160 0.5231 0.5890
vn 0.4461 0.3547 0.8217
vn 0.6372 -0.1930 0.7462
vn -0.5867 0.0137 -0.8097
vn -0.3086 -0.0011 -0.9512
vn -0.0871 0.4532 0.8871
vn 0.7227 0.5529 0.4148
vn -0.3842 0.9119 0.1445
vn -0.3825 0.9114 0.1517
vn -0.3838 0.9118 0.1463
vn -0.9779 0.1748 -0.1152
vn -0.9399 -0.1216 0.3191
vn -0.1495 -0.6924 0.7059
vn 0.0495 -0.4204 0.9060
vn -0.1458 -0.8133 0.5632
vn 0.7997 -0.4328 0.4162
vn -0.4979 0.0852 0.8631
vn -0.1801 0.4882 0.8539
vn -0.3193 0.9219 -0.2193
vn -0.3814 0.9196 0.0937
vn -0.3784 0.9207 0.0958
vn -0.3759 0.9215 0.0975
vn -0.7541 -0.3422 0.5605
vn -0.7658 -0.3168 0.5596
vn -0.4922 -0.1549 -0.8566
vn -0.8490 0.2777 0.4495
vn -0.9352 0.2718 0.2270
vn -0.9092 0.2961 -0.2927
vn -0.8069 0.3779 0.4540
vn -0.7710 0.3791 0.5117
vn -0.1902 0.2484 0.9498
vn 0.8901 -0.3837 0.2461
vn 0.8426 -0.3422 0.4159
vn 0.8026 -0.3656 0.4713
vn 0.1266 -0.5301 -0.8384
vn 0.4477 -0.6512 -0.6127
vn -0.0615 0.3860 -0.9204
vn -0.6155 0.2736 -0.7391
vn -0.9461 0.2001 -0.2545
vn -0.9658 0.1924 -0.1737
vn 0.4523 0.1433 -0.8803
vn 0.3345 0.1291 -0.9335
vn 0.8768 -0.3278 -0.3517
vn 0.8642 -0.3132 -0.3939
vn 0.9533 -0.2867 0.0949
vn 0.9086 -0.0337 -0.4163
vn 0.6191 0.3033 -0.7244
vn 0.6495 0.2766 -0.7083
vn 0.0358 0.3503 -0.9359
vn 0.9190 -0.0366 -0.3926
vn 0.8834 -0.0083 -0.4686
vn 0.4748 -0.5405 -0.6945
vn -0.1980 -0.4273 -0.8822
vn 0.0556 -0.5183 -0.8534
vn 0.9756 -0.1718 0.1363
vn -0.4962 -0.2667 0.8263
vn -0.2140 -0.1114 0.9705
vn 0.2821 -0.1262 0.9510
vn -0.8535 -0.3877 0.3481
vn -0.4811 -0.4089 0.7755
vn 0.0382 0.6997 0.7134
vn 0.0733 -0.7136 0.6967
vn 0.0832 -0.0320 0.9960
vn 0.0076 0.2622 0.9650
vn 0.1815 0.1955 0.9638
vn 0.0341 0.3181 0.9475
vn -0.5351 -0.3192 0.7821
vn 0.1168 -0.9642 0.2380
vn 0.9891 -0.0362 0.1428
vn -0.0743 0.8012 0.5937
vn -0.7823 -0.1465 0.6054
vn -0.7891 -0.2099 0.5773
vn -0.9246 0.0341 0.3794
vn -0.9440 0.0226 0.3291
vn -0.8739 0.4860 0.0089
vn -0.7278 0.6560 0.1999
vn -0.3755 0.9217 0.0978
vn -0.6629 0.7286 -0.1721
vn -0.1858 0.4711 -0.8623
vn -0.1429 0.4460 -0.8836
vn -0.6623 0.4621 -0.5897
vn -0.9560 0.1012 -0.2753
vn -0.9450 0.0770 -0.3178
vn -0.3501 0.7805 -0.5180
vn -0.4777 0.6764 -0.5606
vn -0.9193 -0.1324 -0.3707
vn -0.7876 0.4589 -0.4112
vn -0.8102 0.3016 -0.5027
vn -0.6804 0.7148 -0.1619
vn -0.6818 0.7131 -0.1633
vn -0.6819 0.7129 -0.1634
vn -0.4010 0.9161 -0.0026
vn -0.6558 0.7545 0.0248
vn -0.6801 0.7151 -0.1616
vn -0.6194 0.2907 -0.7293
vn -0.3824 0.6702 0.6360
vn -0.2996 0.7649 0.5703
vn -0.6260 0.6384 0.4479
vn -0.6408 0.5449 0.5407
vn -0.7036 0.4636 0.5386
vn -0.1225 0.4671 0.8757
vn -0.6345 0.1072 0.7654
vn -0.8365 0.0376 0.5467
vn -0.7980 -0.0461 0.6008
vn -0.9355 -0.0404 0.3510
vn -0.9263 0.0422 0.3745
vn -0.9582 0.0211 0.2852
vn -0.9395 -0.2951 0.1737
vn -0.9253 -0.3778 0.0328
vn -0.7562 -0.0831 0.6490
vn -0.8988 0.1033 0.4260
vn 0.7994 0.5990 -0.0461
vn -0.8557 -0.2139 0.4711
vn -0.8561 -0.2073 0.4734
vn -0.8558 -0.2135 0.4713
vn 0.5252 0.7465 -0.4086
vn -0.9277 -0.0598 0.3685
vn -0.0829 0.3614 -0.9287
vn -0.2421 0.4885 -0.8383
vn -0.1730 0.0521 -0.9835
vn -0.3152 -0.0964 -0.9441
vn -0.8094 -0.2794 0.5164
vn -0.8561 -0.2072 0.4735
vn -0.4055 -0.4579 -0.7912
vn -0.9742 -0.1871 0.1262
vn -0.9980 0.0298 0.0564
vn -0.9645 -0.1217 0.2343
vn -0.9168 -0.3937 0.0675
vn -0.9164 -0.3953 0.0632
vn -0.9167 -0.3940 0.0666
vn -0.9162 -0.3958 0.0620
vn -0.8974 -0.4287 0.1043
vn -0.4985 -0.8369 0.2261
vn -0.4991 -0.8364 0.2266
vn -0.4993 -0.8363 0.2268
vn -0.5652 -0.8248 0.0182
vn -0.1810 -0.9490 0.2581
vn -0.7265 -0.6837 0.0688
vn -0.8150 -0.3711 0.4450
vn -0.9394 -0.1294 0.3174
vn -0.8974 -0.1558 0.4129
vn -0.7029 -0.2424 0.6687
vn -0.1719 -0.1907 0.9665
vn -0.0491 -0.3104 0.9493
vn -0.4443 -0.1158 0.8884
vn -0.2385 -0.5221 0.8189
vn -0.3636 -0.2316 0.9023
vn -0.3415 0.3289 0.8805
vn -0.7319 0.2616 0.6291
vn -0.2077 0.4804 0.8521
vn 0.0027 0.6090 0.7932
vn -0.7244 0.5013 0.4733
vn -0.7229 0.5871 0.3644
vn -0.6911 0.5770 0.4352
vn -0.1957 0.6414 0.7419
vn -0.2181 -0.5676 0.7939
vn -0.4365 0.2342 0.8687
vn -0.2391 0.6598 0.7124
vn -0.7675 -0.1025 0.6329
vn -0.6748 0.4215 0.6058
vn 0.1975 -0.8825 0.4268
vn -0.2607 0.9555 0.1384
vn 0.1259 0.9684 0.2155
vn -0.3817 0.1455 0.9128
vn -0.4289 0.4410 0.7884
vn -0.4338 0.6577 0.6158
vn -0.4473 0.6221 0.6426
vn -0.8667 0.1046 0.4877
vn -0.8549 0.0272 0.5182
vn -0.5209 0.0045 0.8536
vn -0.4999 0.3695 0.7833
vn -0.2997 -0.0600 0.9521
vn -0.8719 -0.1683 0.4599
vn -0.6062 0.2496 0.7551
vn -0.5901 0.2347 0.7724
vn 0.0373 -0.5844 0.8106
vn -0.0965 -0.1674 0.9812
vn -0.2103 -0.4858 0.8484
vn -0.8851 0.1921 0.4238
vn -0.5832 0.0109 0.8123
vn -0.8768 -0.2989 0.3767
vn -0.3854 -0.4415 0.8103
vn -0.9356 -0.3526 0.0166
vn -0.2585 -0.3699 0.8924
vn -0.9315 -0.1284 0.3402
vn -0.7979 -0.1707 -0.5782
vn -0.3531 -0.1784 0.9184
vn -0.5212 -0.1628 0.8378
vn -0.2572 -0.3335 0.9070
vn -0.5234 0.2069 0.8266
vn -0.1909 0.2725 0.9430
vn -0.1865 0.2552 0.9487
vn -0.8209 0.1658 0.5465
vn -0.6632 0.2144 0.7171
vn -0.6953 0.0788 0.7144
vn -0.9917 -0.0059 -0.1286
vn -0.9804 0.0944 0.1731
vn -0.9856 -0.0267 0.1670
vn -0.9976 -0.0379 -0.0584
vn -0.9738 -0.0527 -0.2212
vn -0.4883 0.1468 0.8603
vn 0.0131 0.1961 0.9805
vn 0.0137 0.1968 0.9804
vn 0.0132 0.1962 0.9805
vn -0.3144 0.1707 0.9338
vn -0.7956 0.0390 0.6045
vn -0.5766 -0.7696 -0.2744
vn -0.4039 -0.3347 0.8514
vn -0.2927 0.3070 0.9056
vn -0.4441 0.2133 0.8702
vn -0.3268 0.2394 0.9143
vn -0.3075 0.3188 0.8966
vn -0.1750 0.3274 0.9285
vn -0.3895 0.4847 0.7832
vn -0.3441 0.6301 0.6961
vn -0.5649 0.6661 0.4871
vn 0.3862 -0.4017 -0.8304
vn -0.5802 -0.2956 -0.7590
vn -0.5163 -0.2780 -0.8101
vn 0.6269 -0.0786 -0.7751
vn 0.9382 0.1475 -0.3130
vn -0.6090 0.1982 -0.7680
vn -0.6121 0.1947 -0.7664
vn -0.6089 0.1983 -0.7680
vn -0.0098 0.1762 -0.9843
vn -0.5706 0.1884 -0.7993
vn -0.9312 0.0270 -0.3636
vn -0.9903 0.1082 -0.0876
vn -0.9796 0.1359 0.1480
vn -0.8512 -0.0553 -0.5218
vn -0.9590 0.2709 0.0826
vn -0.5444 0.4738 0.6922
vn -0.7468 0.1971 0.6351
vn -0.8299 0.2166 0.5142
vn -0.3061 0.0817 0.9485
vn 0.5016 -0.0920 0.8602
vn 0.4983 -0.0847 0.8628
vn 0.5022 -0.0933 0.8597
vn 0.4976 -0.0831 0.8634
vn 0.9156 -0.2853 0.2834
vn 0.9076 -0.2610 0.3288
vn 0.5225 -0.0427 0.8516
vn 0.5456 -0.0591 0.8359
vn -0.0268 0.0794 0.9965
vn 0.9215 -0.1359 0.3638
vn -0.1583 -0.0504 0.9861
vn -0.4629 0.0954 0.8813
vn 0.5250 -0.2320 0.8188
vn -0.5936 -0.0544 0.8029
vn -0.8253 -0.0140 0.5645
vn 0.8384 -0.2495 0.4847
vn 0.8488 -0.2710 0.4540
vn -0.9644 0.0839 -0.2509
vn -0.6524 -0.0681 0.7548
vn 0.5466 -0.5343 0.6448
vn -0.8692 -0.0928 0.4857
vn -0.8555 -0.1638 0.4913
vn -0.9290 0.0120 0.3700
vn 0.7248 -0.2424 0.6449
vn 0.7537 -0.2135 0.6216
vn -0.1376 -0.3369 0.9314
vn 0.9117 -0.3772 0.1629
vn -0.9108 -0.1990 0.3617
vn -0.9024 -0.2518 0.3496
vn 0.7099 -0.0935 0.6980
vn -0.2747 -0.2539 0.9274
vn -0.9707 -0.1623 0.1773
vn 0.7785 0.2586 0.5719
vn 0.0834 0.4289 0.8995
vn -0.9794 -0.0013 0.2019
vn -0.9709 -0.0181 0.2388
vn -0.8877 -0.0560 -0.4570
vn 0.8444 -0.3962 0.3607
vn 0.9166 -0.3996 0.0085
vn -0.6850 0.3438 -0.6423
vn 0.8206 -0.5136 -0.2506
vn 0.6621 -0.2719 -0.6984
vn -0.7736 0.4521 -0.4440
vn 0.5692 -0.3511 -0.7435
vn 0.7540 -0.6003 -0.2668
vn 0.7440 -0.6335 0.2127
vn 0.8376 -0.5411 0.0748
vn 0.6940 -0.3367 -0.6364
vn 0.1657 -0.1641 -0.9724
vn -0.1342 -0.0208 -0.9907
vn -0.8565 0.5145 0.0420
vn -0.2326 -0.0517 0.9712
vn -0.0877 0.3322 0.9391
vn -0.1722 0.2072 0.9630
vn 0.0952 0.0513 0.9941
vn -0.7039 0.2899 -0.6484
vn 0.1653 -0.2513 -0.9537
vn 0.2950 -0.4185 -0.8590
vn 0.3833 -0.5139 -0.7674
vn 0.1616 -0.3063 -0.9381
vn -0.1043 -0.1837 -0.9774
vn -0.7825 0.5578 -0.2765
vn -0.6948 0.5419 -0.4730
vn -0.6683 0.1947 -0.7180
vn -0.4978 0.1556 -0.8532
vn 0.5342 -0.4943 -0.6857
vn 0.2963 -0.2391 -0.9247
vn 0.2209 -0.0996 -0.9702
vn -0.4563 0.3146 -0.8323
vn -0.6654 0.2461 -0.7048
vn -0.0408 -0.0095 0.9991
vn -0.5722 0.3683 0.7328
vn -0.7451 0.2660 0.6117
vn 0.2324 -0.2075 0.9502
vn -0.2050 -0.0490 0.9775
vn 0.4693 -0.3720 0.8009
vn 0.3140 -0.1881 0.9306
vn -0.9194 0.2903 0.2653
vn -0.9241 0.2900 0.2489
vn -0.7359 0.1931 0.6490
vn -0.7217 0.3955 -0.5680
vn 0.0687 -0.0833 -0.9942
vn -0.2780 -0.0711 -0.9579
vn -0.8602 0.4233 -0.2845
vn -0.7879 0.4348 0.4361
vn -0.7867 0.1694 0.5936
vn -0.5964 0.7756 -0.2066
vn -0.7865 0.6176 -0.0068
vn -0.7166 0.4186 0.5579
vn -0.9717 -0.1638 -0.1703
vn -0.7154 -0.4180 -0.5599
vn -0.6480 -0.3700 -0.6657
vn -0.8973 -0.1173 -0.4256
vn -0.7568 -0.2354 -0.6098
vn -0.3049 -0.4733 -0.8265
vn -0.4418 -0.2657 -0.8569
vn -0.4550 -0.2711 -0.8482
vn -0.3004 -0.4320 -0.8504
vn -0.3246 -0.2973 -0.8979
vn -0.2345 -0.2744 -0.9326
vn -0.1185 -0.2242 -0.9673
vn -0.6399 -0.1300 -0.7574
vn -0.6681 -0.1491 -0.7290
vn -0.5602 -0.1922 -0.8057
vn -0.0011 -1.0000 0.0007
vn -0.5224 -0.1728 -0.8350
vn -0.5172 -0.1765 -0.8375
vn -0.5215 -0.1734 -0.8354
vn -0.3601 0.0468 -0.9317
vn -0.3246 0.2487 -0.9126
vn -0.3650 0.5320 -0.7640
vn -0.3086 0.6519 -0.6926
vn -0.3849 0.8314 -0.4009
vn -0.2974 0.9546 -0.0198
vn -0.1879 0.3081 -0.9326
vn -0.2937 0.0515 -0.9545
vn -0.1897 0.4168 -0.8890
vn 0.0258 -0.2788 -0.9600
vn -0.0819 -0.3609 -0.9290
vn -0.0421 -0.2204 -0.9745
vn -0.4628 0.0954 -0.8813
vn -0.2390 0.0668 -0.9687
vn -0.5970 -0.1313 -0.7914
vn -0.7425 0.2171 -0.6337
vn -0.5026 0.3070 -0.8081
vn -0.9699 0.0159 -0.2428
vn -0.9812 0.0432 -0.1882
vn -0.9639 -0.2642 -0.0337
vn -0.9381 0.3432 0.0474
vn -0.9544 0.2864 0.0848
vn -0.9449 0.1553 -0.2880
vn -0.6176 0.1785 -0.7660
vn -0.7913 0.2713 -0.5479
vn -0.5224 -0.1523 -0.8390
vn -0.5229 -0.1525 -0.8386
vn -0.5237 -0.1528 -0.8381
vn -0.2818 0.2314 -0.9312
vn -0.6737 -0.4413 -0.5928
vn -0.5222 -0.1522 -0.8391
vn 0.0352 0.1895 -0.9813
vn -0.4998 -0.7984 -0.3358
vn -0.4660 -0.8784 -0.1058
vn -0.2779 -0.9605 -0.0113
vn -0.1093 -0.9940 0.0053
vn 0.0919 -0.9040 0.4175
vn -0.4121 -0.7795 0.4717
vn 0.2275 -0.9642 -0.1364
vn -0.1251 -0.9903 0.0597
vn 0.2284 -0.9730 -0.0325
vn -0.1891 -0.8769 0.4419
vn 0.4419 -0.7878 0.4290
vn 0.0166 -0.9997 0.0185
vn -0.9375 0.2188 -0.2707
vn -0.2191 -0.9718 -0.0877
vn -0.4571 -0.8890 0.0257
vn -0.6709 -0.7415 -0.0051
vn -0.3847 0.4136 0.8252
vn -0.6747 0.6080 0.4184
vn -0.9628 0.2683 0.0322
vn 0.0348 0.6697 0.7418
vn -0.7257 0.6870 0.0357
vn -0.5040 0.8632 0.0293
vn -0.5038 0.8633 0.0310
vn -0.5038 0.8633 0.0307
vn 0.1392 0.9299 0.3406
vn 0.1778 0.8521 0.4922
vn 0.6498 0.4895 0.5815
vn 0.7492 0.6250 0.2194
vn 0.8649 0.4343 0.2515
vn 0.5467 0.5173 0.6584
vn 0.2840 0.5371 0.7943
vn 0.3073 -0.2881 0.9069
vn 0.1557 -0.0478 0.9866
vn -0.7470 0.6427 -0.1699
vn -0.7437 0.6468 -0.1693
vn -0.7464 0.6435 -0.1697
vn -0.7427 0.6479 -0.1691
vn -0.5040 0.8632 0.0290
vn 0.0214 -0.9998 -0.0050
vn 0.0214 -0.9998 -0.0049
vn 0.0216 -0.9998 -0.0050
vn 0.0217 -0.9998 -0.0051
vn 0.1034 -0.9167 -0.3860
vn -0.6315 0.1271 -0.7649
vn -0.8192 0.0754 -0.5686
vn -0.2890 -0.3958 -0.8717
vn 0.0994 0.1660 -0.9811
vn -0.3614 0.2741 -0.8912
vn 0.9020 0.1875 -0.3888
vn 0.9252 0.1986 -0.3234
vn 0.8189 0.2557 -0.5139
vn 0.6665 0.7241 0.1776
vn 0.7079 0.6855 0.1701
vn 0.6640 0.7475 -0.0214
vn 0.3954 0.7529 0.5262
vn 0.0609 0.8754 0.4795
vn 0.3155 0.9087 0.2733
vn 0.1368 0.9548 0.2641
vn -0.0311 0.9696 0.2427
vn 0.1478 0.9457 0.2895
vn 0.4909 0.8614 0.1303
vn -0.7251 -0.1794 0.6648
vn -0.8578 0.4998 -0.1200
vn -0.8316 0.1187 -0.5425
vn -0.4952 0.7050 0.5077
vn -0.0788 0.9785 0.1907
vn 0.4571 0.8861 -0.0770
vn 0.4597 0.0999 0.8825
vn 0.2382 -0.3379 -0.9105
vn 0.9940 0.0634 0.0893
vn -0.1877 -0.5233 -0.8313
vn 0.7936 -0.5582 -0.2420
vn 0.9299 -0.1592 0.3315
vn 0.1979 -0.9167 0.3473
vn 0.7434 0.1836 0.6432
vn 0.9414 -0.3084 0.1366
vn 0.8354 -0.4606 0.2999
vn 0.7571 -0.6127 0.2268
vn 0.7549 -0.6071 0.2482
vn 0.4219 0.1161 -0.8992
vn 0.9187 -0.3208 -0.2306
vn 0.3321 0.0721 -0.9405
vn -0.0703 0.1150 -0.9909
vn 0.8099 -0.4572 0.3675
vn 0.8100 -0.4575 0.3667
vn 0.8114 -0.4600 0.3606
vn 0.8117 -0.4606 0.3590
vn 0.9062 -0.3312 -0.2631
vn 0.3643 -0.1249 -0.9229
vn -0.7351 0.2329 -0.6367
vn -0.4618 0.3355 -0.8211
vn -0.8379 0.0841 -0.5393
vn -0.9659 0.2189 -0.1385
vn -0.9634 0.0954 -0.2504
vn -0.8776 0.4789 0.0228
vn 0.4972 0.3904 0.7749
vn -0.7510 0.5359 0.3857
vn -0.8900 0.4547 0.0328
vn -0.9077 0.3618 -0.2123
vn -0.8882 0.4453 0.1131
vn -0.8465 0.5279 0.0692
vn -0.2654 0.6186 0.7395
vn -0.9607 0.0763 0.2668
vn -0.7876 0.3840 0.4820
vn -0.2404 -0.1202 0.9632
vn -0.6561 -0.3723 0.6565
vn 0.1544 0.1095 0.9819
vn -0.9708 -0.2219 0.0908
vn -0.2944 -0.3385 0.8937
vn -0.8509 0.2452 -0.4646
vn 0.6170 -0.5989 -0.5105
vn 0.7742 -0.6329 0.0055
vn 0.9202 -0.3618 -0.1496
vn -0.6407 0.0208 -0.7675
vn -0.5828 -0.3002 -0.7552
vn 0.5349 0.2996 0.7900
vn -0.0120 -0.1989 -0.9799
vn 0.7885 0.6138 -0.0379
vn 0.9837 -0.0653 0.1677
vn 0.0594 -0.1063 0.9926
vn -0.9757 -0.2136 0.0477
vn 0.2185 0.0509 -0.9745
vn -0.6883 -0.7191 -0.0958
vn 0.7087 0.4526 0.5411
vn 0.7642 0.6412 -0.0702
vn 0.8985 -0.3985 -0.1841
vn -0.1474 -0.1544 0.9769
vn -0.0344 -0.2610 0.9647
vn -0.9723 -0.2169 -0.0875
vn -0.9639 -0.1579 -0.2144
vn 0.5672 0.2802 -0.7745
vn -0.1580 -0.4825 -0.8615
vn -0.1411 0.0231 0.9897
vn 0.7598 0.5763 0.3010
vn 0.8137 -0.1581 0.5594
vn 0.8932 -0.3619 0.2668
vn -0.2895 -0.2630 0.9203
vn -0.9633 -0.0242 -0.2672
vn -0.8108 -0.1632 -0.5620
vn 0.8128 0.4070 -0.4168
vn 0.6998 -0.2258 0.6777
vn -0.4385 -0.1569 0.8850
vn -0.3488 -0.2142 0.9124
vn -0.7694 0.0500 -0.6368
vn -0.5797 -0.0514 -0.8132
vn -0.6305 0.0243 -0.7758
vn 0.2662 0.0534 -0.9624
vn 0.9258 0.2550 -0.2791
vn -0.2159 -0.0948 0.9718
vn 0.4662 0.3689 0.8041
vn 0.7086 0.5034 0.4945
vn -0.3822 0.9113 0.1534
vn -0.3939 0.6608 0.6389
vn -0.6320 -0.1481 0.7607
vn -0.7744 -0.0442 0.6312
vn -0.6990 -0.7128 -0.0579
vn 0.2682 -0.9337 0.2372
vn 0.6611 -0.5107 0.5498
vn 0.3776 -0.3240 0.8674
vn -0.4292 0.0360 0.9025
vn -0.1972 0.2250 0.9542
vn -0.3454 0.1507 0.9263
vn -0.1631 0.5060 0.8470
vn -0.2079 0.8348 0.5099
vn -0.2715 0.8522 0.4473
vn -0.5949 0.3773 -0.7098
vn -0.6504 -0.1884 0.7359
vn -0.6492 -0.1884 0.7369
vn -0.6596 -0.1891 0.7275
vn -0.5165 -0.1769 -0.8378
vn 0.1288 0.0923 -0.9874
vn -0.7559 0.1798 0.6295
vn -0.7555 0.1781 0.6305
vn -0.7538 0.1706 0.6346
vn -0.7533 0.1685 0.6357
vn -0.8400 0.3688 -0.3981
vn 0.7999 -0.5239 -0.2927
vn -0.9023 0.4290 -0.0437
vn -0.9098 0.3858 0.1530
vn -0.5684 0.2763 0.7749
vn 0.8749 0.4764 0.0877
vn 0.6842 -0.7038 0.1913
vn -0.2870 -0.2410 -0.9271
vn 0.5841 -0.6167 -0.5277
vn -0.6067 0.0204 -0.7946
vn -0.5653 0.3198 -0.7604
vn -0.9534 0.0557 -0.2965
vn -0.9363 0.1751 -0.3045
vn -0.9810 0.1559 -0.1157
vn 0.9344 -0.1465 -0.3246
vn 0.8390 0.0584 -0.5409
vn 0.9971 -0.0665 0.0372
vn 0.9787 -0.0369 0.2018
vn 0.5052 -0.5481 -0.6666
vn 0.1607 -0.5273 -0.8344
vn 0.0885 0.1226 -0.9885
vn 0.9770 -0.2108 0.0329
vn -0.3829 0.1863 -0.9048
vn -0.4826 -0.1609 0.8609
vn -0.5626 -0.3593 0.7446
vn -0.2501 -0.5825 0.7734
vn -0.6452 -0.4626 0.6081
vn -0.1636 -0.6008 0.7824
vn -0.1583 0.5853 -0.7952
vn -0.2655 0.3395 0.9024
vn -0.0292 -0.0346 -0.9990
vn -0.2214 0.5663 0.7939
vn 0.0024 -0.0004 -1.0000
vn 0.1289 0.4244 -0.8963
vn -0.1555 0.8411 -0.5181
vn 0.1520 -0.9792 0.1341
vn 0.3672 -0.9283 -0.0576
vn -0.1017 0.4313 -0.8965
vn 0.0897 0.2843 0.9545
vn -0.0078 -0.9550 0.2965
vn -0.2003 0.5553 0.8071
vn 0.2120 -0.9507 0.2265
vn 0.0110 0.4744 -0.8802
vn -0.2350 -0.4870 0.8412
vn 0.2087 0.1210 0.9705
vn 0.1397 0.4132 -0.8999
vn -0.4999 -0.8357 0.2273
vn 0.1640 0.1944 0.9671
vn 0.2054 -0.9318 0.2993
vn -0.1800 0.3786 0.9079
vn -0.2831 -0.6024 0.7463
vn -0.2634 0.9564 0.1264
vn -0.0761 -0.3945 -0.9157
vn -0.0199 -0.2316 -0.9726
vn 0.0818 0.1916 -0.9781
vn 0.1289 -0.3035 0.9441
vn -0.0633 0.1714 -0.9832
vn 0.1275 -0.2288 -0.9651
vn 0.0753 0.2571 0.9634
vn 0.1223 -0.0723 -0.9899
vn 0.0130 0.1960 0.9805
vn 0.3825 -0.9227 -0.0479
vn -0.1396 0.9468 -0.2901
vn 0.0462 -0.3489 -0.9360
vn -0.3195 -0.0972 0.9426
vn 0.0795 -0.9872 -0.1384
vn -0.2925 0.6182 -0.7296
vn -0.1599 0.7132 -0.6825
vn 0.0137 0.6578 0.7531
vn -0.1956 0.8197 -0.5383
vn -0.1218 0.9533 -0.2763
vn 0.0136 -0.2206 -0.9753
vn -0.2175 -0.6994 -0.6809
vn -0.1128 0.5851 0.8031
vn -0.2046 0.4067 0.8904
vn -0.1606 0.3966 0.9038
vn -0.1236 0.2656 -0.9561
vn -0.0229 0.8794 0.4754
vn 0.0691 -0.2333 0.9699
vn 0.1782 -0.6430 0.7449
vn 0.0758 -0.5110 0.8562
vn 0.1149 -0.9176 0.3804
vt 0.675761 0.582379
vt 0.668359 0.587989
vt 0.670638 0.579433
vt 0.498084 0.397002
vt 0.498698 0.396478
vt 0.498383 0.397171
vt 0.720393 0.792591
vt 0.703015 0.798556
vt 0.702623 0.786380
vt 0.083813 0.827748
vt 0.075052 0.814737
vt 0.062915 0.752382
vt 0.085459 0.796015
vt 0.633597 0.128561
vt 0.624049 0.134533
vt 0.619446 0.116589
vt 0.335978 0.830121
vt 0.319332 0.831663
vt 0.337148 0.817498
vt 0.393075 0.608573
vt 0.430525 0.625999
vt 0.414234 0.650386
vt 0.404337 0.639634
vt 0.385196 0.649039
vt 0.387094 0.627915
vt 0.381692 0.686943
vt 0.584277 0.075577
vt 0.585804 0.092914
vt 0.564156 0.093172
vt 0.363794 0.632829
vt 0.362861 0.679876
vt 0.368934 0.662179
vt 0.602149 0.097050
vt 0.624275 0.106931
vt 0.774269 0.715514
vt 0.757161 0.718132
vt 0.763149 0.704752
vt 0.763125 0.730796
vt 0.772516 0.740524
vt 0.764681 0.749468
vt 0.745351 0.734018
vt 0.763581 0.750759
vt 0.761383 0.753464
vt 0.747440 0.759442
vt 0.737314 0.751406
vt 0.933032 0.806063
vt 0.934365 0.828002
vt 0.889872 0.819170
vt 0.904184 0.835279
vt 0.976445 0.841211
vt 0.973792 0.858992
vt 0.962337 0.853051
vt 0.960642 0.874288
vt 0.986305 0.874920
vt 0.985734 0.876687
vt 0.943721 0.874252
vt 0.937492 0.851574
vt 0.931808 0.879111
vt 0.913059 0.898151
vt 0.900106 0.870553
vt 0.917584 0.864425
vt 0.887206 0.855497
vt 0.888604 0.912530
vt 0.875963 0.880354
vt 0.860875 0.918843
vt 0.880666 0.820710
vt 0.895305 0.818511
vt 0.739337 0.703383
vt 0.740491 0.712554
vt 0.736896 0.715100
vt 0.878539 0.812078
vt 0.332968 0.668039
vt 0.338817 0.670716
vt 0.329578 0.675404
vt 0.862714 0.819670
vt 0.855180 0.867021
vt 0.850045 0.847436
vt 0.853299 0.830702
vt 0.344672 0.640829
vt 0.353984 0.636302
vt 0.342302 0.650882
vt 0.365178 0.845951
vt 0.373344 0.843919
vt 0.373344 0.859868
vt 0.854505 0.878789
vt 0.832020 0.880648
vt 0.853030 0.854833
vt 0.613183 0.083925
vt 0.469602 0.818502
vt 0.471926 0.831685
vt 0.469194 0.848539
vt 0.486575 0.838358
vt 0.495149 0.836988
vt 0.495149 0.849200
vt 0.494859 0.807593
vt 0.495149 0.810568
vt 0.948268 0.998556
vt 0.962935 0.983495
vt 0.963301 0.992125
vt 0.961485 0.993734
vt 0.485563 0.798869
vt 0.480742 0.792696
vt 0.900363 0.958306
vt 0.928264 0.964464
vt 0.934878 0.987010
vt 0.907146 0.928332
vt 0.490947 0.787257
vt 0.949315 0.981422
vt 0.944804 0.965361
vt 0.955741 0.972873
vt 0.949810 0.963497
vt 0.625898 0.641775
vt 0.626553 0.648158
vt 0.619198 0.643986
vt 0.619636 0.643000
vt 0.295219 0.808315
vt 0.297201 0.813030
vt 0.292783 0.818761
vt 0.622734 0.640288
vt 0.620602 0.641657
vt 0.621669 0.639753
vt 0.461859 0.855172
vt 0.464863 0.850946
vt 0.469017 0.853782
vt 0.457630 0.850807
vt 0.459701 0.847437
vt 0.460734 0.848188
vt 0.970423 0.915773
vt 0.971808 0.903766
vt 0.978314 0.915250
vt 0.978443 0.916833
vt 0.958493 0.894403
vt 0.956395 0.890372
vt 0.968161 0.883391
vt 0.960887 0.881433
vt 0.942160 0.902924
vt 0.949358 0.890979
vt 0.297201 0.822064
vt 0.296893 0.828973
vt 0.955937 0.884725
vt 0.950957 0.877434
vt 0.318676 0.806082
vt 0.317307 0.802737
vt 0.318676 0.799630
vt 0.941540 0.883763
vt 0.951783 0.882507
vt 0.943318 0.934262
vt 0.316964 0.861708
vt 0.312943 0.853255
vt 0.316964 0.851797
vt 0.941633 0.884995
vt 0.529843 0.834286
vt 0.538380 0.837280
vt 0.537232 0.839099
vt 0.954598 0.920981
vt 0.959461 0.907571
vt 0.968909 0.930310
vt 0.950834 0.952100
vt 0.952674 0.966621
vt 0.954582 0.960553
vt 0.968518 0.962513
vt 0.969833 0.973263
vt 0.968441 0.949070
vt 0.289661 0.274618
vt 0.268081 0.271655
vt 0.267721 0.270016
vt 0.289628 0.264990
vt 0.428020 0.831491
vt 0.414274 0.816070
vt 0.422653 0.806733
vt 0.428020 0.806242
vt 0.721116 0.371672
vt 0.695316 0.387277
vt 0.698736 0.368531
vt 0.670425 0.385777
vt 0.655570 0.370945
vt 0.686366 0.369779
vt 0.646464 0.358499
vt 0.658504 0.349963
vt 0.635491 0.343657
vt 0.652939 0.323290
vt 0.687993 0.336165
vt 0.416722 0.364878
vt 0.423972 0.349065
vt 0.443525 0.359578
vt 0.433999 0.376204
vt 0.705489 0.340223
vt 0.724935 0.325236
vt 0.711757 0.354250
vt 0.682975 0.306957
vt 0.626432 0.325054
vt 0.719873 0.294599
vt 0.702407 0.313174
vt 0.693028 0.277151
vt 0.669476 0.237519
vt 0.664851 0.209272
vt 0.704850 0.266808
vt 0.654485 0.257158
vt 0.620791 0.277972
vt 0.640797 0.205518
vt 0.617905 0.227066
vt 0.592049 0.289884
vt 0.608041 0.280836
vt 0.591880 0.222877
vt 0.570351 0.230255
vt 0.618484 0.182703
vt 0.640709 0.176253
vt 0.318746 0.497791
vt 0.301636 0.499095
vt 0.309803 0.460117
vt 0.607100 0.199678
vt 0.407364 0.494466
vt 0.422909 0.480401
vt 0.422042 0.510185
vt 0.575255 0.217880
vt 0.563341 0.222569
vt 0.404131 0.503189
vt 0.817602 0.792632
vt 0.822286 0.812596
vt 0.815986 0.812596
vt 0.600067 0.174277
vt 0.579747 0.161413
vt 0.577889 0.140908
vt 0.312254 0.543821
vt 0.294943 0.543593
vt 0.295055 0.535528
vt 0.095308 0.687355
vt 0.087437 0.725741
vt 0.085263 0.696342
vt 0.069621 0.693749
vt 0.068475 0.729701
vt 0.471846 0.223444
vt 0.458268 0.271088
vt 0.472264 0.183912
vt 0.085986 0.744993
vt 0.470170 0.166743
vt 0.480668 0.166691
vt 0.485072 0.142913
vt 0.479662 0.117739
vt 0.509785 0.091743
vt 0.451691 0.176361
vt 0.450844 0.225585
vt 0.436513 0.216400
vt 0.666139 0.488677
vt 0.684648 0.494380
vt 0.693092 0.529744
vt 0.440823 0.168804
vt 0.499565 0.058416
vt 0.468234 0.109381
vt 0.646911 0.436381
vt 0.660880 0.438052
vt 0.442425 0.264130
vt 0.444695 0.306534
vt 0.467821 0.317419
vt 0.456483 0.340651
vt 0.437901 0.326583
vt 0.688088 0.400737
vt 0.703702 0.446514
vt 0.687543 0.434924
vt 0.302590 0.258551
vt 0.304520 0.279106
vt 0.295621 0.245132
vt 0.042418 0.638962
vt 0.053679 0.639618
vt 0.053954 0.696591
vt 0.286887 0.240428
vt 0.275401 0.245420
vt 0.299755 0.160242
vt 0.307283 0.189380
vt 0.318746 0.217331
vt 0.718170 0.523343
vt 0.706168 0.498513
vt 0.714478 0.483243
vt 0.317229 0.178796
vt 0.308711 0.141300
vt 0.711062 0.532850
vt 0.284595 0.149556
vt 0.302141 0.134629
vt 0.306675 0.123133
vt 0.316942 0.138781
vt 0.702155 0.540841
vt 0.285896 0.104023
vt 0.295825 0.128617
vt 0.283267 0.123620
vt 0.314000 0.115279
vt 0.714941 0.548785
vt 0.264324 0.063102
vt 0.282813 0.056886
vt 0.290784 0.051360
vt 0.273043 0.022268
vt 0.282799 0.016464
vt 0.718919 0.653225
vt 0.708480 0.656613
vt 0.706088 0.595690
vt 0.256184 0.015304
vt 0.270005 0.008425
vt 0.728369 0.662743
vt 0.720678 0.667184
vt 0.514830 0.037533
vt 0.505731 0.036836
vt 0.922039 0.683798
vt 0.937302 0.710023
vt 0.925197 0.703961
vt 0.909358 0.706193
vt 0.939287 0.687858
vt 0.921804 0.330735
vt 0.912934 0.355259
vt 0.913139 0.330965
vt 0.927836 0.624594
vt 0.948797 0.599236
vt 0.940056 0.586502
vt 0.916882 0.607932
vt 0.907356 0.682238
vt 0.906194 0.620264
vt 0.401298 0.486978
vt 0.391317 0.515498
vt 0.389703 0.421840
vt 0.382303 0.440228
vt 0.373257 0.516726
vt 0.358645 0.535753
vt 0.364474 0.440590
vt 0.361777 0.391681
vt 0.376000 0.391219
vt 0.930306 0.542755
vt 0.943024 0.537213
vt 0.298045 0.668157
vt 0.285260 0.672718
vt 0.292802 0.625579
vt 0.298045 0.704180
vt 0.286050 0.714760
vt 0.938215 0.493551
vt 0.308944 0.846127
vt 0.317288 0.827712
vt 0.317288 0.851797
vt 0.931625 0.466280
vt 0.935344 0.464423
vt 0.923659 0.503234
vt 0.918649 0.501130
vt 0.925505 0.466546
vt 0.334406 0.264140
vt 0.333063 0.253272
vt 0.348327 0.251675
vt 0.556960 0.447868
vt 0.551496 0.448292
vt 0.549670 0.436935
vt 0.541576 0.445185
vt 0.541571 0.420140
vt 0.555257 0.421689
vt 0.949145 0.097429
vt 0.941603 0.116691
vt 0.939782 0.094203
vt 0.814506 0.772384
vt 0.820097 0.759880
vt 0.820097 0.784557
vt 0.930353 0.104027
vt 0.932810 0.120562
vt 0.826234 0.792632
vt 0.826234 0.809960
vt 0.822286 0.795373
vt 0.933481 0.164510
vt 0.920214 0.164137
vt 0.554771 0.372176
vt 0.563335 0.431941
vt 0.540699 0.371624
vt 0.944611 0.181438
vt 0.933538 0.235155
vt 0.924920 0.234710
vt 0.915237 0.224881
vt 0.905787 0.237564
vt 0.539201 0.327354
vt 0.547255 0.323673
vt 0.560847 0.325162
vt 0.917062 0.544341
vt 0.919418 0.575130
vt 0.375433 0.337643
vt 0.363349 0.327380
vt 0.360445 0.289349
vt 0.359854 0.361023
vt 0.341461 0.340532
vt 0.336562 0.289991
vt 0.927984 0.585894
vt 0.385157 0.387647
vt 0.932312 0.297972
vt 0.911770 0.269837
vt 0.544080 0.278179
vt 0.552721 0.252012
vt 0.571905 0.204459
vt 0.579132 0.203544
vt 0.577160 0.262122
vt 0.570016 0.254532
vt 0.554211 0.195960
vt 0.366971 0.579424
vt 0.375669 0.542552
vt 0.355237 0.580342
vt 0.353517 0.561219
vt 0.562951 0.151194
vt 0.368955 0.594293
vt 0.377197 0.590404
vt 0.569132 0.127027
vt 0.548490 0.135201
vt 0.554490 0.123192
vt 0.423576 0.394470
vt 0.435554 0.399249
vt 0.433813 0.443203
vt 0.422298 0.432922
vt 0.451572 0.407279
vt 0.461640 0.421618
vt 0.475992 0.408362
vt 0.477771 0.439011
vt 0.444497 0.458832
vt 0.432232 0.507277
vt 0.412994 0.525501
vt 0.433003 0.530309
vt 0.411854 0.547047
vt 0.422802 0.558599
vt 0.394631 0.579222
vt 0.422357 0.599033
vt 0.453419 0.592884
vt 0.456265 0.550628
vt 0.473697 0.558144
vt 0.464179 0.585994
vt 0.479989 0.394133
vt 0.498352 0.397404
vt 0.496444 0.402711
vt 0.495992 0.380569
vt 0.449786 0.383679
vt 0.462764 0.364448
vt 0.510624 0.336481
vt 0.484365 0.370918
vt 0.509819 0.354032
vt 0.520896 0.321707
vt 0.492546 0.322283
vt 0.502209 0.310973
vt 0.505486 0.299415
vt 0.518019 0.301204
vt 0.530688 0.309217
vt 0.530980 0.311303
vt 0.705414 0.699854
vt 0.699790 0.698358
vt 0.699535 0.690443
vt 0.391999 0.712739
vt 0.381636 0.722112
vt 0.386437 0.707012
vt 0.368825 0.740284
vt 0.377343 0.730523
vt 0.385202 0.736956
vt 0.367099 0.730753
vt 0.354825 0.724494
vt 0.388415 0.758121
vt 0.311472 0.799588
vt 0.307833 0.799902
vt 0.309396 0.785243
vt 0.825508 0.739465
vt 0.821969 0.723350
vt 0.825508 0.719703
vt 0.343602 0.722364
vt 0.347184 0.700412
vt 0.341977 0.694525
vt 0.325344 0.732202
vt 0.645177 0.811245
vt 0.642299 0.836932
vt 0.635103 0.809650
vt 0.638902 0.803214
vt 0.493950 0.749457
vt 0.469867 0.762949
vt 0.484317 0.732944
vt 0.490010 0.772575
vt 0.486043 0.781365
vt 0.303794 0.789258
vt 0.300652 0.805166
vt 0.302947 0.767298
vt 0.302921 0.777422
vt 0.298046 0.789225
vt 0.371830 0.804521
vt 0.365465 0.804457
vt 0.346072 0.783289
vt 0.497836 0.011993
vt 0.522660 0.021049
vt 0.503494 0.022947
vt 0.528995 0.019062
vt 0.539201 0.025900
vt 0.534223 0.044640
vt 0.529982 0.030336
vt 0.096232 0.887457
vt 0.101514 0.877908
vt 0.106561 0.897104
vt 0.094169 0.900556
vt 0.084537 0.898490
vt 0.062583 0.901608
vt 0.057631 0.897345
vt 0.390800 0.795074
vt 0.393970 0.785245
vt 0.079065 0.879116
vt 0.054833 0.891305
vt 0.041398 0.901121
vt 0.036919 0.895926
vt 0.507412 0.703488
vt 0.518101 0.703727
vt 0.513285 0.721519
vt 0.496946 0.717830
vt 0.490408 0.712244
vt 0.499794 0.697537
vt 0.529393 0.744862
vt 0.528046 0.723252
vt 0.523525 0.841718
vt 0.529273 0.839634
vt 0.521103 0.849209
vt 0.710335 0.688922
vt 0.706486 0.676872
vt 0.520605 0.040444
vt 0.529843 0.823718
vt 0.017713 0.902180
vt 0.018387 0.896917
vt 0.391613 0.735188
vt 0.393970 0.709140
vt 0.310604 0.752946
vt 0.306216 0.749632
vt 0.313598 0.725975
vt 0.453917 0.806242
vt 0.451529 0.828788
vt 0.446450 0.826468
vt 0.453917 0.834611
vt 0.443319 0.829474
vt 0.310566 0.767298
vt 0.298046 0.752579
vt 0.303719 0.754520
vt 0.945641 0.028428
vt 0.952294 0.056967
vt 0.938968 0.061684
vt 0.933926 0.046334
vt 0.944263 0.077110
vt 0.927390 0.066748
vt 0.946432 0.078755
vt 0.943074 0.087856
vt 0.939979 0.027740
vt 0.934268 0.026797
vt 0.925617 0.030079
vt 0.913633 0.050903
vt 0.917266 0.071955
vt 0.935555 0.443423
vt 0.927205 0.427259
vt 0.338682 0.219223
vt 0.355266 0.210778
vt 0.333265 0.201950
vt 0.348652 0.193093
vt 0.357949 0.198783
vt 0.949617 0.090378
vt 0.352966 0.866065
vt 0.349351 0.860880
vt 0.352966 0.857775
vt 0.565308 0.452363
vt 0.572168 0.462812
vt 0.561283 0.469673
vt 0.318746 0.209511
vt 0.325254 0.224775
vt 0.574483 0.477573
vt 0.567711 0.476995
vt 0.947183 0.064398
vt 0.953205 0.058982
vt 0.554310 0.491176
vt 0.562604 0.495667
vt 0.553801 0.516741
vt 0.955620 0.060447
vt 0.945001 0.017464
vt 0.954873 0.042475
vt 0.318339 0.650082
vt 0.315434 0.634559
vt 0.318339 0.625579
vt 0.585117 0.497316
vt 0.942454 0.040067
vt 0.721959 0.715266
vt 0.711192 0.747299
vt 0.714901 0.720595
vt 0.491679 0.287689
vt 0.083272 0.652209
vt 0.066148 0.644398
vt 0.826633 0.841041
vt 0.824567 0.822655
vt 0.826633 0.818217
vt 0.290680 0.807355
vt 0.293398 0.789052
vt 0.297461 0.787043
vt 0.321029 0.868029
vt 0.318746 0.862645
vt 0.324338 0.866942
vt 0.324338 0.857775
vt 0.578828 0.542406
vt 0.575692 0.547398
vt 0.563505 0.534875
vt 0.566354 0.522678
vt 0.934707 0.011514
vt 0.925402 0.002390
vt 0.297461 0.766118
vt 0.287649 0.808315
vt 0.288607 0.788507
vt 0.291646 0.773745
vt 0.643648 0.837327
vt 0.646458 0.836932
vt 0.646458 0.856512
vt 0.915964 0.002209
vt 0.907637 0.002576
vt 0.909101 0.000000
vt 0.388691 0.830754
vt 0.393270 0.821105
vt 0.396337 0.843740
vt 0.821445 0.743173
vt 0.826194 0.739778
vt 0.823083 0.755629
vt 0.935908 0.015340
vt 0.928042 0.012691
vt 0.821969 0.719703
vt 0.821969 0.739778
vt 0.814506 0.725222
vt 0.723135 0.771904
vt 0.726580 0.773054
vt 0.728310 0.794348
vt 0.678760 0.801377
vt 0.677111 0.797979
vt 0.678760 0.794498
vt 0.925875 0.015563
vt 0.385938 0.828748
vt 0.316360 0.764915
vt 0.318492 0.761231
vt 0.318492 0.766688
vt 0.353625 0.171811
vt 0.347793 0.168247
vt 0.364244 0.156893
vt 0.310005 0.710666
vt 0.313213 0.708461
vt 0.313213 0.725260
vt 0.414274 0.838417
vt 0.409239 0.846824
vt 0.410080 0.823936
vt 0.405503 0.825210
vt 0.303890 0.851654
vt 0.303890 0.865465
vt 0.298659 0.863727
vt 0.538333 0.694525
vt 0.537999 0.714846
vt 0.534383 0.716728
vt 0.932097 0.394197
vt 0.943323 0.381881
vt 0.950745 0.380824
vt 0.823090 0.780086
vt 0.820097 0.772870
vt 0.825699 0.776084
vt 0.372103 0.165601
vt 0.365603 0.179650
vt 0.356300 0.177759
vt 0.825699 0.759880
vt 0.438658 0.827023
vt 0.443319 0.846005
vt 0.435589 0.823181
vt 0.937426 0.393723
vt 0.934528 0.416924
vt 0.927154 0.414267
vt 0.657510 0.834459
vt 0.646458 0.816239
vt 0.652691 0.817065
vt 0.652817 0.834991
vt 0.646540 0.802518
vt 0.657510 0.794498
vt 0.527270 0.044877
vt 0.429363 0.850863
vt 0.427188 0.848712
vt 0.433037 0.847106
vt 0.435589 0.847511
vt 0.435589 0.854886
vt 0.825512 0.810520
vt 0.825301 0.817604
vt 0.822286 0.809960
vt 0.661170 0.855130
vt 0.657626 0.851134
vt 0.662365 0.853264
vt 0.654724 0.854833
vt 0.822067 0.782174
vt 0.822001 0.789067
vt 0.820097 0.786646
vt 0.426131 0.852022
vt 0.428951 0.856385
vt 0.825544 0.786366
vt 0.431875 0.858175
vt 0.432976 0.853808
vt 0.602714 0.161242
vt 0.594368 0.135390
vt 0.331863 0.857775
vt 0.347970 0.837011
vt 0.589335 0.211061
vt 0.597066 0.189976
vt 0.385294 0.548494
vt 0.545425 0.154551
vt 0.540274 0.182868
vt 0.433601 0.273539
vt 0.654634 0.385171
vt 0.702153 0.406705
vt 0.318623 0.708461
vt 0.318623 0.736149
vt 0.313668 0.728779
vt 0.261275 0.252535
vt 0.278799 0.258661
vt 0.489857 0.264494
vt 0.096446 0.653884
vt 0.096302 0.625579
vt 0.458872 0.158929
vt 0.454014 0.133081
vt 0.448640 0.156865
vt 0.093933 0.771555
vt 0.095167 0.842141
vt 0.106216 0.824734
vt 0.058162 0.736091
vt 0.047998 0.727414
vt 0.071014 0.746805
vt 0.494358 0.142996
vt 0.088704 0.871293
vt 0.478640 0.277203
vt 0.478660 0.216989
vt 0.055774 0.752891
vt 0.574776 0.174164
vt 0.955620 0.380824
vt 0.927509 0.353284
vt 0.942899 0.354518
vt 0.646699 0.112678
vt 0.646545 0.113990
vt 0.739108 0.770596
vt 0.746644 0.772201
vt 0.742868 0.777330
vt 0.495149 0.781365
vt 0.495149 0.788028
vt 0.295081 0.363731
vt 0.294618 0.363579
vt 0.290417 0.333057
vt 0.294490 0.332586
vt 0.295321 0.394899
vt 0.293803 0.464246
vt 0.294154 0.398363
vt 0.294370 0.509953
vt 0.294763 0.498703
vt 0.712531 0.769905
vt 0.701621 0.755245
vt 0.701488 0.751106
vt 0.751016 0.766515
vt 0.595751 0.113854
vt 0.577286 0.104434
vt 0.558240 0.110321
vt 0.356222 0.824155
vt 0.318746 0.806242
vt 0.431770 0.647792
vt 0.428039 0.653479
vt 0.452126 0.612318
vt 0.446418 0.624340
vt 0.352243 0.650092
vt 0.792912 0.698068
vt 0.350877 0.688307
vt 0.344837 0.665398
vt 0.747082 0.701980
vt 0.728369 0.765060
vt 0.952633 0.826325
vt 0.621947 0.672588
vt 0.608976 0.666813
vt 0.615916 0.658507
vt 0.933821 0.891159
vt 0.935781 0.953014
vt 0.865383 0.947860
vt 0.297280 0.853578
vt 0.297280 0.868149
vt 0.294485 0.855922
vt 0.336562 0.660149
vt 0.594890 0.066172
vt 0.817434 0.904185
vt 0.853066 0.958721
vt 0.885897 0.958759
vt 0.472357 0.858027
vt 0.676548 0.581625
vt 0.672264 0.579101
vt 0.672718 0.577884
vt 0.681705 0.572327
vt 0.677627 0.561836
vt 0.970042 0.974474
vt 0.984149 0.879869
vt 0.983123 0.880811
vt 0.968650 0.889623
vt 0.315500 0.802357
vt 0.317307 0.799630
vt 0.317307 0.803902
vt 0.316317 0.803555
vt 0.969250 0.894462
vt 0.973856 0.891628
vt 0.973884 0.892830
vt 0.535759 0.825880
vt 0.537079 0.823718
vt 0.538380 0.831833
vt 0.943436 0.886985
vt 0.537517 0.847487
vt 0.308944 0.858185
vt 0.978927 0.966889
vt 0.978649 0.967492
vt 0.266860 0.268227
vt 0.707049 0.390489
vt 0.728217 0.352157
vt 0.727919 0.359112
vt 0.728369 0.338200
vt 0.298046 0.666324
vt 0.315434 0.625579
vt 0.315434 0.666700
vt 0.610553 0.323310
vt 0.294595 0.492738
vt 0.451019 0.834611
vt 0.451019 0.858058
vt 0.443319 0.848046
vt 0.717922 0.616621
vt 0.708885 0.560953
vt 0.620904 0.159016
vt 0.297204 0.766118
vt 0.285260 0.737817
vt 0.297204 0.714760
vt 0.581407 0.118125
vt 0.564448 0.113016
vt 0.469780 0.135564
vt 0.641952 0.449802
vt 0.642171 0.386279
vt 0.636094 0.409975
vt 0.265133 0.242193
vt 0.272169 0.182286
vt 0.691044 0.569834
vt 0.946030 0.694470
vt 0.950745 0.633506
vt 0.691194 0.597666
vt 0.700251 0.655296
vt 0.250928 0.000000
vt 0.279843 0.004964
vt 0.355410 0.287339
vt 0.938182 0.471441
vt 0.354720 0.250271
vt 0.569669 0.327084
vt 0.318676 0.799629
vt 0.311472 0.790263
vt 0.318676 0.767298
vt 0.912798 0.536600
vt 0.905787 0.587282
vt 0.409208 0.512761
vt 0.449978 0.486829
vt 0.463449 0.523573
vt 0.799874 0.851016
vt 0.807966 0.835869
vt 0.807966 0.857410
vt 0.808854 0.830868
vt 0.815508 0.818217
vt 0.815508 0.845424
vt 0.410998 0.384399
vt 0.321151 0.857429
vt 0.348475 0.857775
vt 0.495265 0.418372
vt 0.492190 0.448417
vt 0.495777 0.407485
vt 0.442078 0.342991
vt 0.635139 0.373205
vt 0.523779 0.331987
vt 0.528744 0.336766
vt 0.523335 0.350198
vt 0.711959 0.696150
vt 0.721247 0.705363
vt 0.700694 0.726451
vt 0.700093 0.707774
vt 0.319326 0.704896
vt 0.329338 0.697003
vt 0.462215 0.004707
vt 0.461990 0.000000
vt 0.323950 0.740377
vt 0.318746 0.710128
vt 0.645224 0.794498
vt 0.646458 0.806002
vt 0.646458 0.836625
vt 0.473441 0.778890
vt 0.469194 0.770702
vt 0.469416 0.734281
vt 0.475354 0.732650
vt 0.537706 0.749295
vt 0.538553 0.757126
vt 0.534383 0.748712
vt 0.499788 0.753688
vt 0.538553 0.733710
vt 0.311472 0.774757
vt 0.466121 0.013271
vt 0.485056 0.027089
vt 0.383720 0.806242
vt 0.534383 0.694525
vt 0.533570 0.724468
vt 0.534383 0.745188
vt 0.507250 0.741083
vt 0.525913 0.749892
vt 0.519381 0.744412
vt 0.529843 0.849173
vt 0.496573 0.039783
vt 0.533934 0.766411
vt 0.530451 0.768457
vt 0.814506 0.792632
vt 0.815198 0.786126
vt 0.820088 0.792632
vt 0.309735 0.726995
vt 0.313598 0.756792
vt 0.943509 0.061629
vt 0.428020 0.831491
vt 0.428020 0.847038
vt 0.423077 0.835255
vt 0.469017 0.806242
vt 0.469017 0.839592
vt 0.462115 0.811976
vt 0.457630 0.859880
vt 0.451252 0.850570
vt 0.457630 0.839592
vt 0.453752 0.860575
vt 0.936671 0.422078
vt 0.922331 0.097847
vt 0.336274 0.187093
vt 0.325214 0.185914
vt 0.541466 0.455614
vt 0.548687 0.479551
vt 0.285260 0.849991
vt 0.297280 0.838658
vt 0.567118 0.511869
vt 0.538573 0.847487
vt 0.538573 0.856697
vt 0.536562 0.851652
vt 0.934988 0.036768
vt 0.824567 0.836696
vt 0.821166 0.841492
vt 0.824349 0.818217
vt 0.824567 0.844075
vt 0.080569 0.631915
vt 0.088326 0.635514
vt 0.057153 0.634389
vt 0.915463 0.000622
vt 0.814506 0.705915
vt 0.821432 0.697844
vt 0.821432 0.719703
vt 0.285260 0.771829
vt 0.728310 0.752371
vt 0.826194 0.757016
vt 0.435589 0.862828
vt 0.439352 0.846005
vt 0.441846 0.862828
vt 0.315434 0.662625
vt 0.318497 0.650082
vt 0.318497 0.665591
vt 0.945447 0.027358
vt 0.396337 0.806242
vt 0.342539 0.165515
vt 0.414274 0.806242
vt 0.365708 0.159348
vt 0.538333 0.733710
vt 0.298046 0.849939
vt 0.388780 0.859573
vt 0.394457 0.843740
vt 0.394457 0.859605
vt 0.385938 0.846257
vt 0.678563 0.857838
vt 0.668128 0.843153
vt 0.678563 0.842839
vt 0.437324 0.806242
vt 0.443319 0.814086
vt 0.106659 0.875119
vt 0.081582 0.863000
vt 0.658662 0.858966
vt 0.657191 0.861707
vt 0.655523 0.858202
vt 0.822388 0.817604
vt 0.662365 0.861300
vt 0.825544 0.791195
vt 0.825082 0.780086
vt 0.365178 0.832768
vt 0.364262 0.855337
vt 0.033124 0.634678
vt 0.721959 0.784167
vt 0.655575 0.851134
vt 0.658373 0.835723
vt 0.668128 0.851134
vt 0.106659 0.631683
vt 0.524016 0.079045
vt 0.584789 0.210254
vt 0.344825 0.867145
vt 0.341460 0.864444
vt 0.344825 0.857775
vt 0.407596 0.678827
vt 0.978970 0.966477
vt 0.481226 0.530673
vt 0.480388 0.533958
vt 0.977625 0.931364
vt 0.979783 0.949777
vt 0.453523 0.612340
vt 0.452496 0.614048
vt 0.799390 0.712291
vt 0.786914 0.724934
vt 0.495149 0.807406
vt 0.495149 0.808150
vt 0.520447 0.356467
vt 0.516654 0.362717
vt 0.294127 0.394338
vt 0.294654 0.364145
vt 0.495149 0.806577
vt 0.977576 0.930878
vt 0.504697 0.381098
vt 0.641477 0.131454
vt 0.641379 0.132099
vt 0.495149 0.850534
vt 0.294119 0.397076
vt 0.702489 0.782218
vt 0.977614 0.930383
vt 0.819933 0.845424
vt 0.819933 0.859265
vt 0.808854 0.859084
vt 0.530934 0.313237
vt 0.491016 0.456833
vt 0.276808 0.292467
vt 0.275963 0.289440
vt 0.283736 0.289799
vt 0.529901 0.331763
vt 0.783572 0.728543
vt 0.405818 0.680804
vt 0.391053 0.694525
vt 0.739701 0.781713
vt 0.803174 0.708489
vt 0.530181 0.307374
vt 0.522368 0.296307
vt 0.738309 0.783703
vt 0.730851 0.774070
vt 0.638112 0.624139
vt 0.645891 0.613979
vt 0.646782 0.626303
vt 0.287276 0.319931
vt 0.281246 0.300462
vt 0.271333 0.278347
vt 0.665784 0.577850
vt 0.498773 0.397234
vt 0.685295 0.793887
vt 0.234462 0.685702
vt 0.209150 0.759337
vt 0.223400 0.697852
vt 0.584179 0.822077
vt 0.578739 0.899428
vt 0.572507 0.868326
vt 0.286182 0.550755
vt 0.274980 0.568295
vt 0.273586 0.549651
vt 0.618406 0.822195
vt 0.616940 0.806884
vt 0.635103 0.824681
vt 0.839665 0.619952
vt 0.824181 0.658248
vt 0.806449 0.633605
vt 0.833064 0.648567
vt 0.855023 0.658292
vt 0.852196 0.637638
vt 0.861846 0.694927
vt 0.881238 0.642444
vt 0.875449 0.626233
vt 0.879985 0.689352
vt 0.873125 0.671767
vt 0.281241 0.575496
vt 0.265416 0.593745
vt 0.796985 0.737793
vt 0.808995 0.749715
vt 0.795793 0.756021
vt 0.782646 0.749941
vt 0.781662 0.769630
vt 0.757799 0.769602
vt 0.766905 0.780426
vt 0.804380 0.775212
vt 0.777546 0.782912
vt 0.518138 0.633163
vt 0.536405 0.630966
vt 0.549183 0.655412
vt 0.587536 0.675314
vt 0.580979 0.655697
vt 0.593828 0.659824
vt 0.594502 0.640117
vt 0.616768 0.656924
vt 0.582833 0.628572
vt 0.563809 0.640076
vt 0.579080 0.617542
vt 0.581479 0.592609
vt 0.560925 0.618475
vt 0.556580 0.603682
vt 0.540815 0.606436
vt 0.694144 0.833163
vt 0.688280 0.806508
vt 0.703070 0.813836
vt 0.714142 0.837690
vt 0.694277 0.798556
vt 0.519047 0.636416
vt 0.511450 0.625279
vt 0.467933 0.855172
vt 0.467933 0.867269
vt 0.465213 0.863790
vt 0.505302 0.630179
vt 0.330295 0.866074
vt 0.324338 0.861903
vt 0.330295 0.857775
vt 0.501752 0.615003
vt 0.902009 0.651093
vt 0.905787 0.671747
vt 0.901442 0.661902
vt 0.894197 0.645657
vt 0.405503 0.860740
vt 0.413669 0.846824
vt 0.413669 0.862772
vt 0.893211 0.660046
vt 0.276419 0.601986
vt 0.254942 0.603812
vt 0.520695 0.818502
vt 0.521103 0.848539
vt 0.518371 0.831685
vt 0.503722 0.838358
vt 0.495438 0.807593
vt 0.673207 0.547755
vt 0.677946 0.559676
vt 0.668512 0.566338
vt 0.504735 0.798869
vt 0.509556 0.792696
vt 0.617340 0.544224
vt 0.654431 0.545837
vt 0.633010 0.556137
vt 0.693682 0.858584
vt 0.678760 0.860189
vt 0.685706 0.840969
vt 0.499350 0.787257
vt 0.657471 0.558343
vt 0.642055 0.565705
vt 0.654623 0.568022
vt 0.644311 0.570431
vt 0.615397 0.637009
vt 0.609645 0.640484
vt 0.536819 0.777784
vt 0.534383 0.767338
vt 0.538801 0.773069
vt 0.620496 0.639272
vt 0.467871 0.846727
vt 0.462384 0.844130
vt 0.629670 0.618535
vt 0.637124 0.625201
vt 0.624489 0.628468
vt 0.611756 0.626835
vt 0.607828 0.628254
vt 0.603307 0.636848
vt 0.601257 0.622207
vt 0.602450 0.608364
vt 0.538493 0.757126
vt 0.538801 0.764035
vt 0.591709 0.632009
vt 0.602403 0.631314
vt 0.596649 0.629459
vt 0.590348 0.621555
vt 0.620811 0.586301
vt 0.293822 0.862862
vt 0.285260 0.859101
vt 0.288045 0.855670
vt 0.596134 0.622648
vt 0.414274 0.844300
vt 0.421614 0.839819
vt 0.422837 0.841441
vt 0.465213 0.855172
vt 0.465213 0.864409
vt 0.457630 0.861652
vt 0.637553 0.607196
vt 0.621019 0.603656
vt 0.636555 0.578650
vt 0.648444 0.570269
vt 0.644674 0.575355
vt 0.655958 0.583682
vt 0.647118 0.592954
vt 0.249462 0.280678
vt 0.245436 0.271652
vt 0.270089 0.291857
vt 0.246132 0.305174
vt 0.235643 0.289490
vt 0.214483 0.301144
vt 0.233781 0.309369
vt 0.209274 0.320419
vt 0.832300 0.341624
vt 0.846203 0.358252
vt 0.833702 0.356198
vt 0.216067 0.339230
vt 0.200623 0.354034
vt 0.205826 0.335633
vt 0.243970 0.340352
vt 0.219198 0.366429
vt 0.837704 0.373064
vt 0.808992 0.366651
vt 0.816666 0.384095
vt 0.260276 0.328859
vt 0.286730 0.333756
vt 0.263408 0.312780
vt 0.250212 0.369291
vt 0.199323 0.374921
vt 0.294283 0.363851
vt 0.265996 0.355317
vt 0.273740 0.391723
vt 0.269106 0.437583
vt 0.293033 0.395244
vt 0.277967 0.464916
vt 0.247053 0.426098
vt 0.211539 0.420555
vt 0.255101 0.478992
vt 0.226179 0.468861
vt 0.840972 0.393273
vt 0.841353 0.442148
vt 0.820709 0.442634
vt 0.854725 0.500911
vt 0.830206 0.505543
vt 0.208477 0.482718
vt 0.242803 0.509431
vt 0.268140 0.505420
vt 0.288075 0.501140
vt 0.227040 0.498444
vt 0.810579 0.521371
vt 0.813703 0.490973
vt 0.845828 0.512696
vt 0.831370 0.514870
vt 0.824616 0.845424
vt 0.826233 0.865388
vt 0.819933 0.865388
vt 0.228084 0.525152
vt 0.218990 0.565403
vt 0.211462 0.546135
vt 0.546021 0.762592
vt 0.558447 0.769765
vt 0.555468 0.799682
vt 0.575226 0.764560
vt 0.577071 0.800368
vt 0.788277 0.228958
vt 0.792309 0.188880
vt 0.794337 0.278654
vt 0.560514 0.818397
vt 0.794214 0.172175
vt 0.785908 0.170883
vt 0.778913 0.147895
vt 0.756632 0.095358
vt 0.783812 0.123611
vt 0.812149 0.182950
vt 0.823493 0.224302
vt 0.806417 0.233147
vt 0.826375 0.175326
vt 0.836245 0.210373
vt 0.768402 0.062820
vt 0.797384 0.115553
vt 0.822054 0.281829
vt 0.833663 0.273452
vt 0.811655 0.272428
vt 0.809008 0.314092
vt 0.795711 0.347297
vt 0.783444 0.323970
vt 0.818164 0.333623
vt 0.182274 0.258038
vt 0.221609 0.280696
vt 0.213925 0.233134
vt 0.204582 0.250352
vt 0.177455 0.197492
vt 0.234319 0.268844
vt 0.237657 0.253871
vt 0.217917 0.874897
vt 0.213143 0.816110
vt 0.230870 0.875287
vt 0.192036 0.873402
vt 0.179073 0.794342
vt 0.204812 0.878073
vt 0.172278 0.823720
vt 0.183973 0.878566
vt 0.179085 0.892540
vt 0.220705 0.202432
vt 0.196510 0.156937
vt 0.208895 0.195128
vt 0.193893 0.184983
vt 0.206843 0.156658
vt 0.171606 0.776178
vt 0.186262 0.151253
vt 0.173082 0.161238
vt 0.178202 0.769273
vt 0.197710 0.783655
vt 0.198261 0.139478
vt 0.175775 0.758412
vt 0.176176 0.147454
vt 0.198728 0.738898
vt 0.200828 0.758150
vt 0.185795 0.763243
vt 0.185343 0.134676
vt 0.204329 0.692391
vt 0.198246 0.687569
vt 0.214124 0.657601
vt 0.172848 0.037373
vt 0.170711 0.069462
vt 0.160557 0.034893
vt 0.163489 0.094562
vt 0.150683 0.035988
vt 0.231442 0.650028
vt 0.215535 0.643452
vt 0.173943 0.022907
vt 0.165501 0.022202
vt 0.155647 0.021619
vt 0.754079 0.041063
vt 0.763737 0.040808
vt 0.167043 0.948541
vt 0.164809 0.966523
vt 0.151197 0.962787
vt 0.247851 0.961675
vt 0.252532 0.940853
vt 0.261127 0.964723
vt 0.150596 0.939761
vt 0.139342 0.939533
vt 0.155686 0.849865
vt 0.171606 0.889134
vt 0.238406 0.851571
vt 0.246310 0.839030
vt 0.251589 0.879714
vt 0.264684 0.862100
vt 0.267198 0.939158
vt 0.276285 0.874028
vt 0.281929 0.965894
vt 0.841459 0.457405
vt 0.833839 0.530504
vt 0.834152 0.438825
vt 0.851709 0.532908
vt 0.861327 0.458358
vt 0.868895 0.551875
vt 0.860735 0.411284
vt 0.845060 0.410309
vt 0.251831 0.786451
vt 0.261339 0.793090
vt 0.153580 0.789686
vt 0.162792 0.843248
vt 0.141620 0.782741
vt 0.668128 0.829225
vt 0.677067 0.794498
vt 0.677067 0.842839
vt 0.264008 0.739863
vt 0.134384 0.728717
vt 0.145365 0.723153
vt 0.146296 0.745462
vt 0.272785 0.711631
vt 0.277109 0.749981
vt 0.269489 0.709646
vt 0.283606 0.747269
vt 0.279723 0.711535
vt 0.883612 0.288751
vt 0.868725 0.275860
vt 0.884509 0.278263
vt 0.051542 0.299691
vt 0.052502 0.312045
vt 0.047405 0.301390
vt 0.890740 0.292914
vt 0.882396 0.313794
vt 0.066235 0.323056
vt 0.056164 0.329854
vt 0.116050 0.725133
vt 0.123490 0.720043
vt 0.123266 0.742154
vt 0.131072 0.744231
vt 0.057209 0.298283
vt 0.069357 0.310333
vt 0.130369 0.785690
vt 0.091794 0.367102
vt 0.079500 0.373466
vt 0.097827 0.345545
vt 0.124848 0.405569
vt 0.134212 0.399654
vt 0.146477 0.839249
vt 0.401439 0.806242
vt 0.405503 0.848273
vt 0.396337 0.848273
vt 0.113370 0.412584
vt 0.275768 0.794114
vt 0.266454 0.827616
vt 0.284179 0.784762
vt 0.859420 0.382100
vt 0.879081 0.362780
vt 0.256108 0.839157
vt 0.836355 0.406096
vt 0.169492 0.455225
vt 0.164549 0.420682
vt 0.148470 0.880491
vt 0.866975 0.411152
vt 0.150967 0.474803
vt 0.134071 0.454267
vt 0.187140 0.510166
vt 0.196022 0.507546
vt 0.164211 0.465542
vt 0.175671 0.525103
vt 0.861275 0.594115
vt 0.849855 0.558011
vt 0.876330 0.576643
vt 0.876290 0.594903
vt 0.201754 0.562207
vt 0.861314 0.608085
vt 0.850857 0.604318
vt 0.219050 0.581222
vt 0.199090 0.582008
vt 0.608643 0.864212
vt 0.590676 0.850867
vt 0.606489 0.851856
vt 0.824113 0.403503
vt 0.810542 0.407862
vt 0.806877 0.452623
vt 0.794083 0.414860
vt 0.783719 0.428402
vt 0.769343 0.444026
vt 0.774355 0.413145
vt 0.801563 0.517556
vt 0.794145 0.467855
vt 0.817383 0.537598
vt 0.798630 0.540728
vt 0.816692 0.559343
vt 0.832865 0.592359
vt 0.807173 0.569636
vt 0.809787 0.608866
vt 0.783420 0.599616
vt 0.779135 0.558250
vt 0.492034 0.562655
vt 0.468450 0.597938
vt 0.512589 0.405094
vt 0.510989 0.385612
vt 0.799725 0.390748
vt 0.789241 0.370355
vt 0.768628 0.375089
vt 0.742099 0.339621
vt 0.759196 0.383269
vt 0.743756 0.356713
vt 0.734042 0.323857
vt 0.752521 0.314539
vt 0.759549 0.326969
vt 0.753318 0.301894
vt 0.740946 0.302817
vt 0.728369 0.311827
vt 0.729072 0.309686
vt 0.694274 0.700265
vt 0.467223 0.788028
vt 0.461661 0.793755
vt 0.456860 0.778656
vt 0.444049 0.760483
vt 0.460426 0.763811
vt 0.452567 0.770244
vt 0.442324 0.770014
vt 0.430049 0.776273
vt 0.463640 0.742647
vt 0.431040 0.780011
vt 0.307793 0.675281
vt 0.309615 0.697212
vt 0.305951 0.696204
vt 0.418827 0.778404
vt 0.422408 0.800355
vt 0.417201 0.806242
vt 0.400568 0.768566
vt 0.728369 0.807706
vt 0.736938 0.810237
vt 0.734158 0.839218
vt 0.735874 0.802588
vt 0.760893 0.824358
vt 0.751094 0.840546
vt 0.751866 0.792632
vt 0.756567 0.801335
vt 0.303808 0.708311
vt 0.298046 0.694684
vt 0.310005 0.711374
vt 0.306619 0.725975
vt 0.298195 0.710953
vt 0.304922 0.718239
vt 0.447054 0.696246
vt 0.421296 0.717478
vt 0.440689 0.696310
vt 0.773638 0.016348
vt 0.766660 0.027109
vt 0.746728 0.024227
vt 0.741738 0.021518
vt 0.732814 0.027260
vt 0.566612 0.971536
vt 0.558457 0.965108
vt 0.569028 0.951746
vt 0.575925 0.960319
vt 0.588279 0.969457
vt 0.579569 0.972969
vt 0.469194 0.715522
vt 0.466152 0.747497
vt 0.466024 0.705694
vt 0.298046 0.827712
vt 0.308597 0.806247
vt 0.302225 0.805166
vt 0.381934 0.842725
vt 0.385241 0.828114
vt 0.385938 0.848093
vt 0.376238 0.840653
vt 0.380313 0.824516
vt 0.774925 0.870339
vt 0.780028 0.852729
vt 0.785909 0.870340
vt 0.763790 0.855919
vt 0.766754 0.876158
vt 0.756565 0.861433
vt 0.794944 0.830211
vt 0.793730 0.851638
vt 0.462115 0.822797
vt 0.462115 0.831726
vt 0.457074 0.819755
vt 0.777196 0.043160
vt 0.748447 0.043523
vt 0.460681 0.806242
vt 0.385938 0.806242
vt 0.380975 0.808185
vt 0.466837 0.765579
vt 0.469194 0.791627
vt 0.433751 0.820327
vt 0.435589 0.847106
vt 0.429133 0.823629
vt 0.290278 0.808315
vt 0.289657 0.830225
vt 0.285260 0.830868
vt 0.529843 0.854830
vt 0.536562 0.847487
vt 0.531619 0.859271
vt 0.116341 0.703359
vt 0.119327 0.690179
vt 0.123839 0.689112
vt 0.435589 0.806242
vt 0.428020 0.818948
vt 0.116426 0.658332
vt 0.109722 0.686046
vt 0.129946 0.674469
vt 0.139088 0.693988
vt 0.114483 0.705325
vt 0.119217 0.714063
vt 0.122053 0.656937
vt 0.129451 0.656049
vt 0.140735 0.659172
vt 0.155348 0.678383
vt 0.151831 0.698728
vt 0.270359 0.688181
vt 0.280671 0.671157
vt 0.877551 0.244767
vt 0.861530 0.235261
vt 0.883033 0.228104
vt 0.867214 0.218529
vt 0.858251 0.223448
vt 0.114060 0.717891
vt 0.057103 0.292129
vt 0.042535 0.278882
vt 0.058358 0.279883
vt 0.900950 0.235571
vt 0.893391 0.250448
vt 0.049750 0.266469
vt 0.043907 0.269828
vt 0.057595 0.267334
vt 0.893770 0.212137
vt 0.905787 0.227623
vt 0.030951 0.255126
vt 0.027174 0.262292
vt 0.106659 0.689869
vt 0.030123 0.238119
vt 0.024363 0.228740
vt 0.292783 0.814118
vt 0.292783 0.838658
vt 0.052395 0.243802
vt 0.678760 0.716861
vt 0.686144 0.721657
vt 0.691561 0.748024
vt 0.763349 0.292227
vt 0.539201 0.708096
vt 0.541879 0.688922
vt 0.553612 0.699913
vt 0.563809 0.724838
vt 0.579304 0.714443
vt 0.589054 0.765104
vt 0.799874 0.813599
vt 0.808854 0.835869
vt 0.805308 0.832329
vt 0.804922 0.816396
vt 0.821349 0.759468
vt 0.817909 0.759880
vt 0.821445 0.753555
vt 0.814506 0.751468
vt 0.821445 0.739778
vt 0.808854 0.809601
vt 0.815986 0.792632
vt 0.815986 0.818217
vt 0.117192 0.647980
vt 0.131929 0.629124
vt 0.125344 0.640109
vt 0.801184 0.792632
vt 0.130932 0.640375
vt 0.140506 0.625579
vt 0.142810 0.626634
vt 0.376238 0.843919
vt 0.376238 0.861251
vt 0.373643 0.844814
vt 0.538990 0.804735
vt 0.536128 0.811765
vt 0.533416 0.811266
vt 0.313668 0.751899
vt 0.318676 0.736149
vt 0.318676 0.761231
vt 0.821432 0.711687
vt 0.823070 0.699232
vt 0.826181 0.715082
vt 0.536982 0.789027
vt 0.538990 0.781365
vt 0.522786 0.781365
vt 0.532577 0.789191
vt 0.524942 0.802822
vt 0.521103 0.804385
vt 0.678760 0.808256
vt 0.677111 0.804775
vt 0.138687 0.644753
vt 0.135696 0.641968
vt 0.876966 0.190836
vt 0.879178 0.189145
vt 0.887426 0.198068
vt 0.160146 0.631195
vt 0.161474 0.633673
vt 0.155946 0.632756
vt 0.863895 0.196846
vt 0.858765 0.180060
vt 0.871085 0.193355
vt 0.422922 0.861700
vt 0.426131 0.847106
vt 0.426131 0.863906
vt 0.668128 0.803381
vt 0.662374 0.817366
vt 0.662032 0.794498
vt 0.657510 0.815905
vt 0.152551 0.647407
vt 0.376238 0.806242
vt 0.376238 0.828308
vt 0.372982 0.825468
vt 0.275056 0.638312
vt 0.255054 0.625579
vt 0.263198 0.626300
vt 0.344825 0.858349
vt 0.349351 0.857775
vt 0.349351 0.864581
vt 0.848096 0.188863
vt 0.860992 0.202588
vt 0.851446 0.203920
vt 0.850746 0.183490
vt 0.313572 0.686896
vt 0.310005 0.691372
vt 0.318623 0.666700
vt 0.272353 0.661231
vt 0.269829 0.637848
vt 0.280774 0.658107
vt 0.171606 0.637933
vt 0.163895 0.653077
vt 0.157733 0.650947
vt 0.167807 0.635452
vt 0.151530 0.663045
vt 0.157636 0.674943
vt 0.742785 0.047197
vt 0.385559 0.853178
vt 0.384484 0.858315
vt 0.381898 0.853887
vt 0.422837 0.865924
vt 0.419647 0.865955
vt 0.422837 0.859031
vt 0.332964 0.858526
vt 0.336189 0.857775
vt 0.333269 0.866141
vt 0.316360 0.766444
vt 0.313668 0.766444
vt 0.315239 0.761231
vt 0.379644 0.848616
vt 0.377965 0.855292
vt 0.376238 0.850448
vt 0.804489 0.866430
vt 0.802520 0.861958
vt 0.804423 0.859537
vt 0.382352 0.850443
vt 0.385559 0.848093
vt 0.807966 0.862239
vt 0.419709 0.859647
vt 0.420452 0.854864
vt 0.236239 0.535813
vt 0.240769 0.562525
vt 0.623106 0.851931
vt 0.606562 0.829868
vt 0.208862 0.494997
vt 0.220516 0.511787
vt 0.840215 0.563249
vt 0.187063 0.565968
vt 0.877160 0.533006
vt 0.202895 0.307802
vt 0.238406 0.881248
vt 0.221021 0.884869
vt 0.199480 0.891041
vt 0.549479 0.728733
vt 0.550058 0.843608
vt 0.552716 0.815722
vt 0.805065 0.165323
vt 0.811823 0.139709
vt 0.817314 0.163414
vt 0.570248 0.915380
vt 0.558504 0.845702
vt 0.554007 0.900207
vt 0.586474 0.805229
vt 0.206244 0.775541
vt 0.576302 0.817748
vt 0.579552 0.943304
vt 0.774841 0.283146
vt 0.202129 0.536535
vt 0.108865 0.992536
vt 0.119598 0.965249
vt 0.132902 0.961184
vt 0.302868 0.558793
vt 0.303318 0.559971
vt 0.749188 0.780482
vt 0.691680 0.770675
vt 0.255299 0.580594
vt 0.244731 0.596433
vt 0.867536 0.619144
vt 0.598040 0.816199
vt 0.635103 0.794498
vt 0.812846 0.659766
vt 0.808769 0.654027
vt 0.452329 0.633330
vt 0.454769 0.613207
vt 0.814303 0.719047
vt 0.894108 0.697844
vt 0.899292 0.675919
vt 0.814506 0.768106
vt 0.905399 0.681508
vt 0.756482 0.792632
vt 0.560935 0.669172
vt 0.588819 0.610745
vt 0.578957 0.567794
vt 0.597926 0.567933
vt 0.628623 0.568424
vt 0.716559 0.853707
vt 0.296712 0.838110
vt 0.292783 0.836254
vt 0.296712 0.828973
vt 0.504516 0.601691
vt 0.532577 0.818872
vt 0.538126 0.811765
vt 0.538126 0.823465
vt 0.303890 0.854631
vt 0.307692 0.849939
vt 0.307692 0.862689
vt 0.532502 0.578917
vt 0.554052 0.583317
vt 0.715519 0.814263
vt 0.268275 0.625579
vt 0.727037 0.860189
vt 0.705528 0.858802
vt 0.517941 0.858027
vt 0.666582 0.577101
vt 0.618305 0.652523
vt 0.618105 0.653767
vt 0.618780 0.633989
vt 0.622211 0.638790
vt 0.621485 0.639636
vt 0.618492 0.617391
vt 0.469017 0.839592
vt 0.420009 0.852963
vt 0.422837 0.846746
vt 0.421430 0.854864
vt 0.593595 0.620555
vt 0.421973 0.831491
vt 0.293822 0.853578
vt 0.528433 0.861864
vt 0.521103 0.861864
vt 0.526393 0.849209
vt 0.668098 0.588575
vt 0.248748 0.263191
vt 0.861204 0.511793
vt 0.283336 0.306885
vt 0.851637 0.438914
vt 0.654157 0.858438
vt 0.646458 0.845003
vt 0.654157 0.834991
vt 0.175477 0.126017
vt 0.256638 0.529558
vt 0.238842 0.583097
vt 0.589299 0.827424
vt 0.793377 0.141854
vt 0.829470 0.328495
vt 0.189433 0.897928
vt 0.158439 0.124840
vt 0.151602 0.098505
vt 0.145416 0.040291
vt 0.728310 0.688922
vt 0.721959 0.690205
vt 0.234704 0.634271
vt 0.773094 0.058061
vt 0.821166 0.840805
vt 0.815508 0.821907
vt 0.821166 0.818217
vt 0.863075 0.310114
vt 0.148216 0.718341
vt 0.285260 0.713081
vt 0.894325 0.280324
vt 0.137420 0.385650
vt 0.855929 0.348786
vt 0.280405 0.839557
vt 0.130125 0.910603
vt 0.171983 0.542109
vt 0.773887 0.530675
vt 0.786539 0.495603
vt 0.624881 0.863658
vt 0.772455 0.398345
vt 0.508161 0.449229
vt 0.517443 0.509514
vt 0.498715 0.535431
vt 0.821901 0.525115
vt 0.633832 0.852692
vt 0.786320 0.618392
vt 0.512306 0.420573
vt 0.812437 0.349904
vt 0.730612 0.333929
vt 0.536267 0.336186
vt 0.678833 0.706929
vt 0.687508 0.697053
vt 0.394550 0.795871
vt 0.404563 0.803764
vt 0.816442 0.005001
vt 0.815994 0.009674
vt 0.399174 0.760390
vt 0.393970 0.790640
vt 0.405503 0.859019
vt 0.396827 0.857689
vt 0.728939 0.802194
vt 0.839539 0.000000
vt 0.739243 0.794744
vt 0.741172 0.840785
vt 0.304446 0.675991
vt 0.310005 0.666700
vt 0.454895 0.837173
vt 0.453917 0.828218
vt 0.812555 0.017728
vt 0.790941 0.030820
vt 0.458944 0.694525
vt 0.739531 0.032864
vt 0.561587 0.950001
vt 0.589299 0.949606
vt 0.798439 0.850752
vt 0.799874 0.880428
vt 0.213228 0.625579
vt 0.799468 0.830122
vt 0.773994 0.833102
vt 0.791479 0.825107
vt 0.785134 0.830336
vt 0.795790 0.806816
vt 0.799874 0.808825
vt 0.341460 0.864001
vt 0.336189 0.862720
vt 0.341460 0.857775
vt 0.430865 0.845987
vt 0.115023 0.687776
vt 0.110890 0.690659
vt 0.118570 0.661088
vt 0.290668 0.834156
vt 0.536562 0.863035
vt 0.270377 0.666359
vt 0.266790 0.716659
vt 0.880605 0.213148
vt 0.904258 0.254054
vt 0.017713 0.238928
vt 0.396324 0.853544
vt 0.394457 0.849296
vt 0.396324 0.843740
vt 0.056676 0.236613
vt 0.051742 0.237814
vt 0.568483 0.703852
vt 0.560523 0.708717
vt 0.662365 0.856495
vt 0.668128 0.851134
vt 0.668128 0.865209
vt 0.589299 0.707916
vt 0.808854 0.801674
vt 0.028504 0.217822
vt 0.643296 0.857150
vt 0.635103 0.846079
vt 0.643296 0.836932
vt 0.532577 0.823718
vt 0.826181 0.697844
vt 0.532577 0.791966
vt 0.528612 0.801365
vt 0.298046 0.835137
vt 0.307996 0.827712
vt 0.307996 0.843168
vt 0.304125 0.849939
vt 0.668128 0.835723
vt 0.857255 0.182393
vt 0.365504 0.843919
vt 0.146245 0.646948
vt 0.365178 0.813213
vt 0.318623 0.699562
vt 0.312174 0.708461
vt 0.583820 0.934142
vt 0.416096 0.861673
vt 0.336189 0.866002
vt 0.330295 0.863007
vt 0.807966 0.857410
vt 0.807504 0.868518
vt 0.417042 0.856075
vt 0.285260 1.000000
vt 0.587636 0.703041
vt 0.683190 0.785598
vt 0.238406 0.642226
vt 0.203484 0.497980
vt 0.836060 0.685270
vt 0.667868 0.588893
vt 0.646480 0.613283
vt 0.658207 0.601299
vt 0.528291 0.360243
vt 0.646173 0.613603
vt 0.295176 0.544165
vt 0.318696 0.626149
vt 0.318339 0.625764
vt 0.318696 0.625579
vt 0.539201 0.327862
vt 0.838115 0.687254
vt 0.814506 0.697844
vt 0.699486 0.688922
vt 0.605623 0.670195
vt 0.635771 0.865691
vt 0.642839 0.857150
vt 0.643296 0.865691
s 1
usemtl Material.136
f 67/1/1 1002/2/1 1003/3/1
f 201/4/2 1042/5/2 1043/6/2
f 408/7/3 1058/8/3 1057/9/3
f 341/10/4 410/11/4 346/12/4
f 346/12/5 367/13/5 341/10/5
f 7/14/6 8/15/6 17/16/6
f 11/17/7 13/18/7 10/19/7
f 13/20/8 387/21/8 5/22/8
f 13/20/9 5/22/9 12/23/9
f 12/23/10 5/22/10 14/24/10
f 10/25/11 12/23/11 14/24/11
f 4/26/12 14/24/12 5/22/12
f 36/27/13 16/28/13 10/29/13
f 10/25/14 14/24/14 36/30/14
f 15/31/15 18/32/15 4/26/15
f 17/16/16 354/33/16 422/34/16
f 411/35/17 20/36/17 19/37/17
f 3/38/18 20/36/18 411/35/18
f 3/38/19 969/39/19 971/40/19
f 23/41/20 970/42/20 972/43/20 412/44/20
f 412/44/21 26/45/21 23/41/21
f 23/46/22 24/47/22 25/48/22
f 25/48/23 24/47/23 359/49/23
f 6/50/24 355/51/24 27/52/24
f 27/52/25 355/51/25 28/53/25
f 28/53/26 355/51/26 978/54/26 979/55/26
f 356/56/27 414/57/27 27/52/27
f 414/57/28 356/56/28 55/58/28
f 56/59/29 29/60/29 357/61/29
f 357/61/30 29/60/30 417/62/30
f 357/61/31 417/62/31 359/49/31
f 359/49/32 24/47/32 414/57/32
f 414/57/33 357/61/33 359/49/33
f 357/61/34 55/58/34 56/59/34
f 31/63/35 30/64/35 29/60/35
f 31/63/36 416/65/36 30/64/36
f 417/62/37 29/60/37 30/64/37
f 359/49/38 420/66/38 32/67/38
f 419/68/39 25/69/39 32/70/39
f 32/67/40 420/66/40 419/71/40
f 33/72/41 21/73/41 419/74/41
f 419/71/42 420/66/42 33/75/42
f 418/76/43 34/77/43 421/78/43
f 418/79/44 37/80/44 34/81/44
f 37/82/45 418/83/45 30/84/45
f 37/85/46 36/86/46 35/87/46
f 354/33/47 16/28/47 416/88/47
f 358/89/48 423/90/48 38/91/48
f 39/92/49 1012/93/49 1011/94/49
f 1/95/50 1013/96/50 1012/93/50 39/92/50
f 40/97/51 47/98/51 1006/99/51 1018/100/51
f 41/101/52 1/95/52 423/90/52
f 423/90/53 358/89/53 42/102/53
f 358/103/54 43/104/54 42/105/54
f 358/103/55 415/106/56 43/104/57
f 40/107/58 41/101/58 42/102/58
f 42/105/59 424/108/59 40/97/59
f 42/105/60 45/109/60 424/108/60
f 424/108/61 47/98/61 40/97/61
f 424/108/62 46/110/62 47/98/62
f 45/109/63 429/111/63 46/110/63
f 425/112/64 48/113/64 982/114/64 983/115/64
f 48/116/65 53/117/65 28/118/65
f 360/119/66 984/120/66 985/121/66
f 50/122/67 990/123/68 991/124/68
f 49/125/69 988/126/69 989/127/69 50/122/69
f 51/128/70 50/129/70 991/130/70 992/131/70
f 63/132/71 52/133/71 48/134/71
f 48/134/72 52/133/72 53/135/72
f 63/132/73 62/136/73 58/137/73
f 53/117/74 54/138/74 356/139/74
f 356/139/75 28/118/75 53/117/75
f 53/135/76 426/140/76 54/141/76
f 426/142/77 57/143/77 54/144/77
f 52/133/78 426/140/78 53/135/78
f 54/141/79 60/145/79 55/58/79
f 54/141/80 57/146/80 60/145/80
f 65/147/81 56/59/81 62/136/81
f 59/148/82 57/149/82 426/150/82
f 426/140/83 52/133/83 59/151/83
f 59/152/84 427/153/84 60/154/84
f 51/128/85 428/155/85 64/156/85
f 66/157/86 428/155/86 51/128/86
f 65/147/87 428/155/87 68/158/87
f 68/158/88 428/155/88 66/157/88
f 46/110/89 429/111/89 361/159/89
f 430/160/90 70/161/90 67/162/90
f 429/111/91 430/160/91 67/162/91
f 69/163/92 68/158/92 66/157/92
f 71/164/93 1059/165/93 1055/166/93 110/167/93
f 71/168/94 72/169/94 1046/170/94 1059/171/94
f 72/172/95 431/173/95 73/174/95
f 108/175/96 362/176/96 74/177/96
f 74/177/97 431/173/97 108/175/97
f 362/176/98 363/178/98 76/179/98
f 76/179/99 363/178/99 77/180/99
f 76/179/100 87/181/100 433/182/100
f 433/182/101 74/177/101 76/179/101
f 77/183/102 363/184/102 434/185/102
f 77/183/103 434/185/103 78/186/103
f 79/187/104 74/177/104 433/182/104
f 80/188/105 75/189/105 79/187/105
f 81/190/106 433/182/106 87/181/106
f 87/181/107 77/180/107 89/191/107
f 353/192/108 80/188/108 82/193/108
f 82/193/109 433/182/109 81/190/109
f 82/193/110 83/194/110 353/192/110
f 85/195/111 92/196/112 84/197/113
f 83/194/114 81/190/114 85/195/114
f 86/198/115 81/190/115 87/181/115
f 87/181/116 89/191/116 91/199/116
f 85/195/117 86/198/117 88/200/117
f 86/198/118 91/199/118 94/201/118
f 89/191/119 364/202/119 90/203/119
f 327/204/120 90/203/120 95/205/120
f 91/199/121 327/204/121 94/201/121
f 88/200/122 94/201/122 435/206/122
f 96/207/123 88/200/123 435/206/123
f 96/208/124 93/209/124 92/210/124
f 326/211/125 94/201/125 327/204/125
f 95/212/126 191/213/126 194/214/126
f 136/215/127 95/205/127 135/216/127
f 95/212/128 194/214/128 135/217/128
f 136/218/129 175/219/129 365/220/129
f 436/221/130 350/222/130 183/223/130
f 96/208/131 8/224/131 93/209/131
f 8/224/132 1021/225/132 1022/226/132 93/209/132
f 439/227/133 99/228/133 98/229/133
f 289/230/134 98/229/134 100/231/134
f 439/232/135 442/233/135 99/234/135
f 101/235/136 100/231/136 99/228/136
f 103/236/137 101/237/137 99/234/137
f 104/238/138 106/239/138 403/240/138
f 366/241/139 440/242/139 105/243/139
f 105/244/140 109/245/140 122/246/140
f 122/247/141 366/241/141 105/243/141
f 368/248/142 106/239/142 131/249/142
f 330/250/143 331/251/143 105/244/143
f 105/243/144 440/242/144 328/252/144
f 329/253/145 207/254/146 369/255/147
f 329/253/148 369/255/148 107/256/148
f 331/251/149 108/175/149 443/257/149
f 333/258/150 109/245/150 332/259/150
f 111/260/151 431/261/151 110/167/151
f 111/260/152 110/167/152 334/262/152
f 112/263/153 444/264/153 113/265/153
f 370/266/154 335/267/154 116/268/154
f 114/269/155 111/260/155 334/262/155
f 114/269/156 333/270/156 111/260/156
f 120/271/157 119/272/157 117/273/157
f 117/274/158 114/269/158 118/275/158
f 114/269/159 116/268/159 118/275/159
f 121/276/160 122/246/160 109/245/160
f 116/268/161 115/277/161 372/278/161
f 118/275/162 123/279/162 120/280/162
f 372/278/163 123/279/163 118/275/163
f 124/281/164 122/246/164 121/276/164
f 125/282/165 126/283/165 371/284/165
f 129/285/166 120/280/166 123/279/166
f 121/276/167 120/271/167 129/286/167
f 129/286/168 124/281/168 121/276/168
f 125/282/169 123/279/169 126/283/169
f 410/287/170 373/288/170 125/282/170
f 123/279/171 373/288/171 132/289/171
f 445/290/172 373/288/173 410/287/174
f 132/289/175 373/288/175 445/290/175
f 445/290/176 134/291/176 132/289/176
f 134/292/177 133/293/177 130/294/177
f 374/295/178 244/296/178 445/290/178
f 134/291/179 445/290/179 244/296/179
f 375/297/180 392/298/180 134/292/180
f 134/292/181 392/298/181 133/293/181
f 234/299/182 368/248/182 393/300/182
f 139/301/183 136/302/183 135/303/183
f 135/303/184 179/304/184 139/301/184
f 138/305/185 136/302/185 139/301/185
f 376/306/186 136/307/186 138/308/186
f 139/301/187 140/309/187 137/310/187
f 137/310/188 140/309/188 141/311/188
f 142/312/189 140/309/189 177/313/189
f 177/313/190 448/314/190 142/312/190
f 177/315/191 178/316/191 448/317/191
f 143/318/192 448/317/192 178/316/192
f 178/316/193 145/319/193 143/318/193
f 145/319/194 447/320/194 144/321/194
f 144/321/195 143/318/195 145/319/195
f 377/322/196 168/323/196 144/321/196
f 168/323/197 448/317/197 143/318/197
f 141/311/198 449/324/198 146/325/198
f 146/325/199 137/310/199 141/311/199
f 146/326/200 156/327/200 137/328/200
f 147/329/201 154/330/201 146/326/201
f 146/325/202 449/324/202 147/331/202
f 154/332/203 147/333/203 148/334/203
f 150/335/204 270/336/204 164/337/204
f 450/338/205 149/339/205 150/335/205
f 151/340/206 273/341/206 378/342/206
f 379/343/207 275/344/207 152/345/207
f 152/345/208 151/346/208 163/347/208
f 157/348/209 152/345/209 163/347/209
f 379/343/210 152/345/210 157/348/210
f 153/349/211 451/350/211 269/351/211
f 154/352/212 148/353/212 269/354/212
f 154/355/213 269/351/213 451/350/213
f 154/355/214 451/350/214 155/356/214
f 379/357/215 451/358/215 153/359/215
f 159/360/216 156/361/216 155/356/216
f 156/361/217 154/355/217 155/356/217
f 155/356/218 451/350/218 159/360/218
f 162/362/219 451/363/219 157/348/219
f 158/364/220 162/362/220 157/348/220
f 157/348/221 163/347/221 158/364/221
f 159/360/222 162/365/223 380/366/224
f 380/366/224 161/367/225 159/360/222
f 160/368/226 137/369/226 156/361/226
f 156/361/227 159/360/227 160/368/227
f 158/364/228 377/370/228 170/371/228
f 170/371/229 380/372/229 162/362/229
f 162/362/230 158/364/230 170/371/230
f 166/373/231 449/324/232 165/374/233
f 166/375/234 381/376/234 164/377/234
f 167/378/235 158/379/235 163/380/235
f 446/381/236 142/312/236 165/374/236
f 167/378/237 382/382/237 168/323/237
f 171/383/238 169/384/238 161/367/238
f 169/384/239 137/369/239 160/368/239
f 170/371/240 377/370/240 144/385/240
f 380/372/241 144/385/241 172/386/241
f 383/387/242 174/388/243 171/389/244
f 173/390/245 172/386/245 176/391/245
f 139/301/246 179/304/246 177/313/246
f 181/392/247 447/320/247 180/393/247
f 181/392/248 384/394/248 453/395/248
f 182/396/249 183/223/249 350/222/249
f 454/397/250 181/392/250 452/398/250
f 437/399/251 182/396/251 384/400/251
f 384/400/252 438/401/252 437/399/252
f 77/183/253 78/186/253 184/402/253
f 184/402/254 78/186/254 185/403/254
f 187/404/255 364/405/256 185/403/257
f 185/403/258 186/406/258 187/404/258
f 189/407/259 188/408/259 200/409/259
f 187/404/260 385/410/260 190/411/260
f 190/411/261 191/213/261 187/404/261
f 187/404/262 191/213/262 364/405/262
f 190/411/263 194/214/263 191/213/263
f 348/412/264 194/214/265 386/413/266
f 386/413/267 349/414/267 348/412/267
f 349/414/268 196/415/268 347/416/268
f 387/21/269 13/20/269 195/417/269
f 198/418/270 195/417/270 196/415/270
f 198/418/271 196/415/271 197/419/271
f 197/419/272 1019/420/273 1007/421/273 198/418/272
f 455/422/274 201/4/274 1040/423/274 1039/424/274
f 201/4/275 455/422/275 205/425/275
f 202/426/276 434/185/276 203/427/276
f 203/427/277 208/428/277 204/429/277
f 204/429/278 209/430/278 205/425/278
f 203/427/279 207/254/279 208/428/279
f 210/431/280 456/432/280 287/433/280
f 287/433/281 457/434/281 210/431/281
f 213/435/282 1062/436/282 1061/437/282 210/431/282
f 212/438/283 1067/439/283 1063/440/283
f 459/441/284 250/442/284 256/443/284
f 233/444/285 249/445/285 214/446/285
f 215/447/286 233/444/286 216/448/286
f 214/446/287 460/449/287 233/444/287
f 216/450/288 227/451/288 215/452/288
f 388/453/289 227/454/289 216/455/289
f 217/456/290 388/457/290 216/448/290
f 224/458/291 388/457/291 217/456/291
f 217/456/292 230/459/292 224/458/292
f 221/460/293 229/461/293 222/462/293
f 219/463/294 221/460/295 222/462/296
f 226/464/297 222/465/297 390/466/297
f 222/465/298 225/467/298 224/468/298
f 228/469/299 227/451/299 226/470/299
f 215/452/300 227/451/300 228/469/300
f 247/471/301 248/472/301 461/473/301
f 231/474/302 235/475/302 232/476/302
f 232/476/303 230/459/304 231/474/305
f 232/477/306 235/478/306 251/479/306
f 231/480/307 391/481/307 235/478/307
f 391/481/308 344/482/309 236/483/310
f 238/484/311 344/485/311 391/486/311
f 238/484/312 462/487/312 237/488/312
f 391/486/313 462/487/313 238/484/313
f 460/489/314 239/490/314 237/488/314
f 462/491/315 460/449/315 237/492/315
f 241/493/316 237/488/316 239/490/316
f 239/490/317 240/494/317 241/493/317
f 239/490/318 460/489/318 458/495/318
f 458/495/319 254/496/320 240/494/321
f 239/490/322 458/495/319 240/494/321
f 375/497/323 244/498/323 243/499/323
f 245/500/324 252/501/324 392/502/324
f 392/502/325 375/497/325 245/500/325
f 247/503/326 243/499/326 242/504/326
f 245/500/327 243/499/327 226/464/327
f 390/466/328 252/501/328 245/500/328
f 246/505/329 250/506/329 248/507/329
f 392/298/330 251/508/330 393/509/330
f 234/299/331 235/478/332 253/510/333
f 250/506/334 246/505/334 256/511/334
f 257/512/335 255/513/335 254/496/335
f 254/496/336 458/495/336 257/512/336
f 458/514/337 459/441/337 257/515/337
f 259/516/338 463/517/338 285/518/338
f 284/519/339 463/520/339 258/521/339
f 463/520/340 261/522/340 260/523/340
f 262/524/341 464/525/341 261/526/341
f 262/524/342 261/526/342 259/516/342
f 295/527/343 260/528/343 464/529/343
f 265/530/344 295/527/344 464/529/344
f 262/531/345 263/532/345 464/529/345
f 394/533/346 465/534/346 262/531/346
f 269/351/347 263/532/347 465/534/347
f 294/535/348 295/527/348 265/530/348
f 294/535/349 265/530/350 399/536/351
f 265/530/352 464/529/352 263/532/352
f 264/537/353 265/530/353 266/538/353
f 266/538/354 265/530/355 263/532/356
f 266/538/354 263/532/356 396/539/357
f 270/336/358 150/335/358 396/540/358
f 268/541/359 396/540/359 149/339/359
f 271/542/360 268/543/360 378/342/360
f 271/542/361 273/341/361 397/544/361
f 313/545/362 267/546/362 271/542/362
f 273/341/363 271/542/363 378/342/363
f 269/351/364 465/534/365 274/547/366
f 379/548/367 153/549/367 274/550/367
f 274/547/368 465/534/368 394/533/368
f 274/551/369 394/552/369 276/553/369
f 276/553/370 379/343/370 274/551/370
f 278/554/371 397/544/372 277/555/373
f 282/556/374 280/557/374 276/553/374
f 283/558/375 282/559/375 394/533/375
f 278/560/376 279/561/376 272/562/376
f 279/561/377 278/560/377 276/553/377
f 280/563/378 260/528/378 295/527/378
f 295/527/379 467/564/379 279/565/379
f 281/566/380 258/567/380 280/568/380
f 280/557/381 282/556/381 281/569/381
f 282/559/382 283/558/382 281/570/382
f 398/571/383 409/572/383 286/573/383
f 287/433/384 456/432/384 337/574/384
f 337/574/385 457/434/386 287/433/387
f 288/575/388 113/265/388 336/576/388
f 289/230/389 113/265/389 288/575/389
f 296/577/390 466/578/390 290/579/390
f 290/580/391 293/581/391 296/582/391
f 290/583/392 466/584/392 291/585/392
f 466/584/393 292/586/393 291/585/393
f 292/587/394 466/588/394 296/589/394
f 296/589/395 467/590/395 292/587/395
f 467/564/396 468/591/396 292/592/396
f 293/581/397 272/593/397 296/582/397
f 293/581/398 290/580/398 291/594/398
f 468/595/399 399/596/400 293/581/401
f 468/591/402 295/527/402 294/535/402
f 298/597/403 297/598/403 301/599/403
f 299/600/404 297/601/404 298/602/404
f 469/603/405 303/604/405 299/605/405
f 299/606/406 298/607/406 469/608/406
f 299/600/407 303/609/407 470/610/407
f 310/611/408 300/612/408 264/613/408
f 301/614/409 300/615/409 310/616/409
f 470/617/410 302/618/410 300/619/410
f 302/620/411 470/610/411 399/536/411
f 302/620/412 399/536/412 264/537/412
f 301/621/413 303/604/413 469/603/413
f 305/622/414 306/623/414 304/624/414
f 309/625/415 400/626/415 305/627/415
f 306/628/416 305/629/416 400/630/416
f 308/631/417 313/632/417 307/633/417
f 307/633/418 313/632/418 309/634/418
f 307/635/419 304/636/419 306/637/419
f 310/638/420 471/639/420 400/640/420
f 314/641/421 472/642/421 311/643/421
f 311/644/422 472/645/422 312/646/422
f 472/647/423 314/648/423 402/649/423
f 472/645/424 402/650/424 312/646/424
f 473/651/425 312/652/425 402/653/425
f 314/641/426 401/654/426 395/655/426
f 395/655/427 267/656/427 314/641/427
f 311/657/428 473/658/428 401/659/428
f 311/657/429 312/660/429 473/658/429
f 308/661/430 395/662/430 473/658/430
f 403/240/431 106/239/431 234/299/431
f 253/510/432 343/663/432 403/240/432
f 475/664/433 474/665/433 476/666/433
f 317/667/434 477/668/434 476/666/434
f 476/669/435 479/670/435 317/671/435
f 479/672/436 404/673/436 318/674/436
f 480/675/437 404/673/437 479/672/437
f 321/676/438 480/677/438 319/678/438
f 319/679/439 475/664/439 321/680/439
f 320/681/440 480/677/440 321/676/440
f 477/668/441 481/682/441 478/683/441
f 322/684/442 435/206/442 436/221/442
f 323/685/443 183/223/443 437/399/443
f 454/686/444 13/18/444 11/17/444
f 454/686/445 11/17/446 324/687/447
f 326/211/448 327/204/448 365/688/448
f 326/211/449 365/688/449 325/689/449
f 348/412/450 349/414/450 406/690/450
f 176/391/451 453/691/451 182/396/451
f 447/692/452 453/691/452 176/391/452
f 329/253/453 330/693/453 328/252/453
f 331/251/454 432/694/454 108/175/454
f 443/257/455 332/259/455 331/251/455
f 333/258/456 443/257/456 111/695/456
f 335/696/457 409/697/457 444/698/457
f 2/699/458 335/267/458 408/700/458
f 335/267/459 370/266/459 408/700/459
f 342/701/460 457/434/386 337/574/385
f 342/702/461 288/575/461 457/703/461
f 104/238/462 101/237/462 103/236/462
f 103/236/463 338/704/463 104/238/463
f 441/705/464 338/704/464 127/706/464
f 127/706/465 122/247/465 441/705/465
f 367/13/466 340/707/466 315/708/466
f 340/707/467 403/709/467 315/708/467
f 100/231/468 113/265/468 289/230/468
f 113/265/469 100/231/469 345/710/469
f 345/710/470 115/711/470 113/265/470
f 345/710/471 102/712/471 346/12/471
f 340/707/472 102/712/472 101/235/472
f 340/707/473 367/13/473 102/712/473
f 101/237/474 104/238/474 340/713/474
f 344/485/475 316/714/475 341/10/475
f 341/10/476 315/708/476 344/485/476
f 288/575/477 342/702/477 98/229/477
f 337/574/478 407/715/478 439/232/478
f 439/232/479 98/716/479 337/574/479
f 346/12/480 371/717/480 345/710/480
f 351/718/481 436/221/481 325/689/481
f 174/388/482 383/387/482 351/718/482
f 351/719/483 175/720/483 174/721/483
f 354/33/484 416/88/484 422/34/484
f 7/14/485 422/34/485 1009/722/485 1010/723/485
f 6/724/486 974/725/486 977/726/486
f 40/107/487 1018/727/487 1017/728/487
f 353/729/488 1038/730/488 1037/731/488 80/732/488
f 84/733/489 92/210/489 1029/734/489 1030/735/489
f 93/209/490 1022/226/490 1024/736/490
f 93/209/491 1024/736/491 1025/737/491
f 79/187/492 75/189/492 73/174/492 74/177/492
f 2/738/493 1065/739/493 1066/740/493 409/572/493
f 346/12/494 410/11/494 371/717/494
f 6/724/495 412/44/495 973/741/495 974/725/495
f 8/15/496 9/742/496 17/16/496
f 9/742/497 354/33/497 17/16/497
f 16/28/498 9/742/498 413/743/498
f 16/28/499 354/33/499 9/742/499
f 10/29/500 16/28/500 413/743/500
f 10/29/501 413/743/501 11/744/501
f 11/17/446 413/745/502 324/687/447
f 10/19/503 13/18/503 12/746/503
f 5/22/504 387/21/504 995/747/504 986/748/504
f 387/21/505 199/749/505 996/750/505 995/747/505
f 14/24/506 4/26/506 18/32/506
f 18/32/507 36/30/507 14/24/507
f 36/30/508 18/32/508 35/751/508
f 411/35/509 19/37/509 4/752/509
f 15/31/510 4/26/510 19/753/510
f 22/754/511 35/751/511 18/32/511
f 15/31/512 19/753/512 22/754/512
f 22/754/513 18/32/513 15/31/513
f 19/37/514 20/36/515 25/69/516
f 3/38/517 23/41/517 20/36/517
f 25/69/518 20/36/518 23/41/518
f 19/37/514 25/69/516 21/755/519
f 22/754/520 19/753/520 21/73/520
f 6/724/521 27/756/521 26/45/521
f 26/45/522 412/44/522 6/724/522
f 23/46/523 26/757/523 24/47/523
f 24/47/524 26/757/524 27/52/524
f 27/52/525 414/57/525 24/47/525
f 355/758/526 976/759/526 978/760/526
f 28/53/527 356/56/527 27/52/527
f 357/61/528 414/57/528 55/58/528
f 55/58/529 61/761/529 56/59/529
f 31/63/530 29/60/530 56/59/530
f 415/106/531 56/59/531 44/762/531
f 415/106/532 31/63/532 56/59/532
f 415/106/56 358/103/55 31/63/533
f 31/63/534 358/103/534 38/763/534
f 359/49/535 417/62/535 420/66/535
f 56/59/536 65/147/536 44/762/536
f 25/764/537 359/765/537 32/766/537
f 420/66/538 417/62/539 421/78/540
f 419/68/541 21/755/541 25/69/541
f 33/75/542 420/66/542 421/78/542
f 33/72/543 421/767/543 21/73/543
f 21/73/544 421/767/544 22/754/544
f 421/767/545 35/751/545 22/754/545
f 34/81/546 35/751/546 421/767/546
f 417/62/547 30/64/547 418/76/547
f 418/76/548 421/78/540 417/62/539
f 34/81/549 37/80/549 35/751/549
f 30/64/550 416/65/550 37/85/550
f 37/768/551 16/28/551 36/27/551
f 16/769/552 37/85/552 416/65/552
f 31/63/553 38/763/554 416/65/555
f 422/770/556 416/65/555 38/763/554
f 423/771/557 422/770/557 38/763/557
f 423/90/558 39/92/559 422/772/560
f 423/90/561 1/95/561 39/92/561
f 40/107/562 1/95/562 41/101/562
f 42/102/563 41/101/563 423/90/563
f 42/105/564 43/104/564 45/109/564
f 43/104/565 415/106/565 44/762/565
f 44/762/566 45/109/566 43/104/566
f 424/108/567 45/109/567 46/110/567
f 352/773/568 1004/774/568 1005/775/568 47/776/568
f 47/776/569 1005/775/569 1006/777/569
f 47/98/570 46/110/570 352/778/570
f 48/134/571 28/53/571 980/779/571 981/780/571
f 425/781/572 63/132/572 48/134/572
f 360/782/573 425/783/573 983/784/573 984/785/573
f 49/786/574 63/132/574 425/781/574
f 425/781/575 987/787/575 988/788/575 49/786/575
f 50/122/576 989/127/577 990/123/577
f 50/129/578 51/128/578 64/156/578
f 64/156/579 49/786/579 50/129/579
f 63/132/580 49/786/580 64/156/580
f 52/789/581 63/790/581 58/791/581
f 55/58/582 356/56/582 54/141/582
f 427/792/583 61/761/583 55/58/583
f 427/153/584 55/793/584 60/154/584
f 61/761/585 62/136/585 56/59/585
f 65/147/586 62/136/586 428/155/586
f 57/149/587 59/148/587 60/794/587
f 59/152/588 52/789/588 58/791/588
f 58/791/589 427/153/589 59/152/589
f 58/137/590 61/761/590 427/792/590
f 62/136/591 61/761/591 58/137/591
f 64/156/592 62/136/592 63/132/592
f 64/156/593 428/155/593 62/136/593
f 65/147/594 68/158/594 44/762/594
f 68/158/595 45/109/595 44/762/595
f 45/109/596 68/158/596 429/111/596
f 352/778/597 46/110/597 361/159/597
f 67/162/598 70/161/598 1001/795/598 1002/796/598
f 430/160/599 429/111/599 68/158/599
f 430/160/600 68/158/600 69/163/600
f 69/163/601 70/161/601 430/160/601
f 110/167/602 1055/166/602 1058/797/602 408/700/602
f 110/167/603 431/261/603 71/164/603
f 71/798/604 431/173/604 72/172/604
f 108/175/605 432/694/605 362/176/605
f 74/177/606 73/174/606 431/173/606
f 76/179/607 74/177/607 362/176/607
f 75/189/608 72/172/608 73/174/608
f 327/204/609 95/205/609 136/215/609 365/688/609
f 75/189/610 1048/799/610 1047/800/610 72/172/610
f 76/179/611 77/180/611 87/181/611
f 78/186/612 434/185/612 202/426/612
f 79/187/613 82/193/613 80/188/613
f 79/187/614 433/182/614 82/193/614
f 80/188/615 1044/801/615 1048/799/615 75/189/615
f 82/193/616 81/190/616 83/194/616
f 353/192/617 83/194/617 84/197/617
f 83/802/618 85/803/618 84/804/618
f 87/181/619 91/199/619 86/198/619
f 85/195/620 81/190/620 86/198/620
f 86/198/621 94/201/621 88/200/621
f 184/805/622 364/202/622 89/191/622
f 91/199/623 89/191/623 90/203/623
f 90/203/624 327/204/624 91/199/624
f 95/205/625 90/203/625 364/202/625
f 364/405/626 191/213/626 95/212/626
f 88/200/627 96/207/627 85/195/627
f 93/209/628 1028/806/629 1029/734/630 92/210/630
f 85/195/111 96/207/631 92/196/112
f 326/211/632 435/206/632 94/201/632
f 135/807/633 194/808/633 179/809/633
f 129/286/634 132/810/634 130/294/634 128/811/634
f 97/812/635 8/15/635 96/207/635
f 96/207/636 435/206/636 97/812/636
f 97/812/637 322/684/637 323/685/637
f 9/742/638 8/15/638 97/812/638
f 97/813/639 323/814/639 9/815/639
f 323/685/640 405/816/640 9/742/640
f 405/816/641 413/743/641 9/742/641
f 413/743/642 405/816/642 324/817/642
f 98/229/643 99/228/643 100/231/643
f 99/234/644 440/242/644 366/241/644
f 99/234/645 442/233/645 440/242/645
f 102/712/646 100/231/646 101/235/646
f 346/12/647 102/712/647 367/13/647
f 103/236/648 99/234/649 366/241/648
f 366/241/648 338/704/650 103/236/648
f 104/238/651 403/240/651 340/713/651
f 106/239/652 104/238/652 339/818/652
f 106/239/653 339/818/653 131/249/653
f 328/819/654 330/250/654 105/244/654
f 331/251/655 109/245/655 105/244/655
f 328/252/656 440/242/656 442/233/656
f 107/820/657 432/694/657 329/821/657
f 108/175/658 431/173/658 443/257/658
f 109/245/659 333/258/659 119/272/659
f 332/259/660 109/245/660 331/251/660
f 431/173/661 111/695/661 443/257/661
f 334/262/662 110/167/663 408/700/664
f 334/262/662 408/700/664 370/266/665
f 116/268/666 112/822/666 113/823/666
f 116/268/667 335/267/667 112/822/667
f 114/269/668 334/262/668 370/266/668
f 370/266/669 116/268/669 114/269/669
f 117/274/670 333/270/670 114/269/670
f 115/277/671 116/268/671 113/823/671
f 118/275/672 120/280/672 117/274/672
f 119/272/673 333/258/673 117/273/673
f 118/275/674 116/268/674 372/278/674
f 119/272/675 120/271/675 121/276/675
f 109/245/676 119/272/676 121/276/676
f 372/278/677 115/277/677 126/283/677
f 126/283/678 115/277/678 371/284/678
f 127/706/679 338/704/679 366/241/679
f 124/281/680 129/286/680 128/811/680
f 123/279/681 372/278/681 126/283/681
f 128/811/682 441/824/682 124/281/682
f 128/811/683 130/294/683 441/824/683
f 441/824/684 122/246/684 124/281/684
f 373/288/685 123/279/685 125/282/685
f 125/282/686 371/284/686 410/287/686
f 129/285/687 123/279/687 132/289/687
f 376/825/688 138/305/688 137/310/688 169/826/688
f 130/294/689 131/827/689 441/824/689
f 131/827/690 130/294/690 368/828/690
f 445/290/172 410/287/174 374/295/691
f 134/292/692 130/294/692 132/810/692
f 133/293/693 368/828/693 130/294/693
f 241/829/694 244/296/694 374/295/694
f 134/291/695 244/296/695 375/830/695
f 133/293/696 392/298/696 393/509/696
f 393/509/697 368/828/697 133/293/697
f 368/248/698 234/299/698 106/239/698
f 376/306/699 175/720/699 136/307/699
f 139/301/700 137/310/700 138/305/700
f 151/340/701 378/342/701 450/831/701 163/380/701
f 141/311/702 140/309/702 446/381/702
f 177/313/703 140/309/703 139/301/703
f 144/321/704 168/323/704 143/318/704
f 142/312/705 446/381/705 140/309/705
f 446/381/706 449/324/706 141/311/706
f 146/326/707 154/330/707 156/327/707
f 148/832/708 147/331/708 270/336/708
f 164/337/709 270/336/709 147/331/709
f 450/338/710 150/335/710 164/337/710
f 149/833/711 450/831/711 378/342/711
f 275/344/712 151/346/712 152/345/712
f 173/390/713 171/389/713 161/834/713 380/372/713
f 157/835/714 451/836/714 379/837/714
f 159/360/715 451/350/715 162/365/715
f 159/360/716 161/367/716 160/368/716
f 163/380/717 450/831/717 381/376/717
f 164/337/718 381/838/718 450/338/718
f 166/373/231 164/337/719 449/324/232
f 164/337/720 147/331/720 449/324/720
f 165/374/721 382/839/721 166/373/721
f 166/375/722 382/382/722 381/376/722
f 167/378/723 377/322/723 158/379/723
f 168/323/724 377/322/724 167/378/724
f 163/380/725 381/376/725 167/378/725
f 381/376/726 382/382/726 167/378/726
f 165/374/727 449/324/727 446/381/727
f 165/374/728 142/312/728 382/839/728
f 382/839/729 142/312/729 448/314/729
f 382/382/730 448/317/730 168/323/730
f 406/690/731 180/393/731 145/319/731 178/316/731
f 169/384/732 160/368/732 161/367/732
f 170/371/733 144/385/733 380/372/733
f 172/386/734 173/390/734 380/372/734
f 171/383/735 174/721/735 175/720/735
f 171/389/244 173/390/736 383/387/242
f 171/383/737 175/720/737 376/306/737
f 171/383/738 376/306/738 169/384/738
f 144/385/739 447/692/739 172/386/739
f 172/386/740 447/692/740 176/391/740
f 176/391/741 383/387/741 173/390/741
f 181/392/742 180/393/742 406/690/742 452/398/742
f 179/840/743 178/316/743 177/315/743
f 386/413/744 192/841/744 193/842/744 197/419/744
f 181/392/745 453/395/745 447/320/745
f 182/396/746 453/691/746 384/400/746
f 350/222/747 351/718/747 182/396/747
f 384/843/748 181/844/748 438/845/748
f 454/846/749 438/847/749 181/848/749
f 437/399/750 183/223/750 182/396/750
f 77/183/751 184/402/751 89/849/751
f 78/186/752 202/426/752 185/403/752
f 185/403/753 202/426/753 186/406/753
f 185/403/257 364/405/256 184/402/754
f 186/406/755 385/410/755 187/404/755
f 186/406/756 202/426/756 188/408/756
f 188/408/757 202/426/757 455/422/757
f 189/407/758 192/841/758 186/406/758
f 189/407/759 186/406/759 188/408/759
f 385/410/760 186/406/760 192/841/760
f 192/841/761 189/407/761 200/409/761
f 200/409/762 193/842/762 192/841/762
f 190/411/763 385/410/763 192/841/763
f 192/841/764 386/413/764 190/411/764
f 190/411/765 386/413/266 194/214/265
f 231/474/766 230/459/766 217/456/766 233/444/766
f 194/214/767 348/412/768 179/840/769
f 386/413/770 196/415/770 349/414/770
f 196/415/771 195/417/771 347/416/771
f 195/417/772 452/398/772 347/416/772
f 195/417/773 13/20/773 452/398/773
f 452/850/774 13/18/774 454/686/774
f 454/686/775 324/687/775 438/851/775
f 199/749/776 195/417/776 198/418/776
f 196/415/777 386/413/777 197/419/777
f 199/749/778 387/21/778 195/417/778
f 200/409/779 1032/852/779 1031/853/779
f 200/409/780 188/408/780 1036/854/780 1032/852/780
f 455/422/781 1039/424/781 1036/854/781 188/408/781
f 455/422/782 202/426/782 204/429/782
f 455/422/783 204/429/783 205/425/783
f 203/427/784 204/429/784 202/426/784
f 203/427/785 434/185/785 369/255/785
f 208/428/786 209/430/786 204/429/786
f 206/855/787 369/255/787 434/185/787
f 434/185/788 363/184/788 206/855/788
f 206/856/789 363/178/789 362/176/789
f 107/820/790 206/856/790 362/176/790
f 107/820/791 362/176/791 432/694/791
f 107/256/792 369/255/792 206/855/792
f 207/254/793 456/432/793 208/428/793
f 203/427/794 369/255/794 207/254/794
f 208/428/795 456/432/796 210/431/797
f 211/857/798 209/430/798 208/428/798
f 213/435/799 210/431/799 457/434/799
f 211/857/800 208/428/795 210/431/797
f 211/857/801 1049/858/801 1050/859/801
f 212/438/802 213/860/802 457/861/802
f 212/438/803 457/861/803 286/573/803
f 286/573/804 409/572/804 212/438/804
f 212/438/805 409/572/805 1064/862/805 1068/863/805
f 257/515/806 459/441/806 256/443/806
f 459/441/807 249/445/807 250/442/807
f 459/441/808 458/514/808 214/446/808
f 214/446/809 249/445/809 459/441/809
f 458/514/810 460/449/810 214/446/810
f 233/444/811 215/447/811 249/445/811
f 233/444/812 217/456/812 216/448/812
f 220/864/813 218/865/813 224/458/813 230/459/813
f 251/479/814 229/866/814 389/867/814 232/477/814
f 389/868/815 230/459/304 232/476/303
f 230/459/816 389/868/816 221/869/816
f 230/459/817 221/869/817 220/864/817
f 219/463/818 218/870/818 220/871/818
f 219/463/294 220/871/819 221/460/295
f 221/460/820 389/872/820 229/461/820
f 224/468/821 218/873/821 219/874/821
f 229/875/822 223/876/822 222/465/822
f 223/876/823 390/466/824 222/465/825
f 226/464/826 225/467/826 222/465/826
f 219/874/827 222/465/827 224/468/827
f 388/877/828 224/878/828 225/879/828
f 227/880/829 225/467/829 226/464/829
f 227/881/830 388/877/830 225/879/830
f 226/470/831 461/473/831 228/469/831
f 228/469/832 461/473/832 248/472/832
f 228/469/833 248/472/833 215/452/833
f 248/472/834 249/882/834 215/452/834
f 229/866/835 251/479/836 223/883/837
f 223/883/837 251/479/836 252/884/838
f 223/876/823 252/501/839 390/466/824
f 460/449/840 231/474/841 233/444/842
f 462/491/843 231/474/841 460/449/840
f 231/474/844 462/491/844 391/885/844
f 235/478/332 236/483/845 253/510/333
f 235/478/846 234/299/846 251/479/846
f 235/478/847 391/481/847 236/483/847
f 236/483/310 344/482/309 343/663/848
f 253/510/849 236/483/849 343/663/849
f 316/714/850 238/484/850 237/488/850
f 316/714/851 237/488/851 241/493/851
f 316/714/852 344/485/852 238/484/852
f 242/504/853 241/886/853 240/887/853
f 244/498/854 241/886/854 242/504/854
f 240/887/855 254/888/855 242/504/855
f 243/499/856 244/498/856 242/504/856
f 375/497/857 243/499/857 245/500/857
f 243/499/858 247/503/858 461/889/858
f 226/464/859 243/499/859 461/889/859
f 226/464/860 390/466/860 245/500/860
f 246/890/861 248/891/861 247/503/861
f 247/503/862 242/504/862 254/888/862
f 248/507/863 250/506/863 249/892/863
f 251/479/864 392/893/864 252/884/864
f 393/300/865 251/479/865 234/299/865
f 246/890/866 255/894/866 256/895/866
f 246/890/867 247/503/867 255/894/867
f 247/503/868 254/888/868 255/894/868
f 255/896/869 257/897/869 256/898/869
f 284/899/870 285/518/870 463/517/870
f 259/516/871 285/518/871 283/900/871
f 260/523/872 258/521/872 463/520/872
f 261/526/873 463/517/873 259/516/873
f 262/531/874 259/901/874 283/558/874
f 464/902/875 260/903/875 261/904/875
f 283/558/876 394/533/876 262/531/876
f 465/905/877 263/906/877 262/907/877
f 399/536/351 265/530/350 264/537/878
f 266/908/879 308/909/879 264/910/879
f 395/911/880 308/909/880 266/908/880
f 395/655/881 268/541/881 267/656/881
f 266/912/882 396/540/882 395/655/882
f 268/541/883 395/655/883 396/540/883
f 149/833/884 378/342/884 268/543/884
f 269/351/885 148/913/886 263/532/887
f 263/532/887 148/913/886 396/539/888
f 396/540/889 148/832/889 270/336/889
f 396/540/890 150/335/890 149/339/890
f 397/544/891 313/545/891 271/542/891
f 271/542/892 267/546/892 268/543/892
f 397/544/893 310/914/893 313/545/893
f 397/544/894 278/554/894 272/915/894
f 272/915/895 310/914/895 397/544/895
f 275/344/896 273/916/896 151/346/896
f 274/547/366 153/349/897 269/351/364
f 275/344/898 379/343/898 276/553/898
f 275/344/899 277/917/899 273/916/899
f 277/555/373 397/544/372 273/341/900
f 275/344/901 276/553/901 277/917/901
f 277/917/902 276/553/902 278/560/902
f 276/918/903 394/919/903 282/764/903
f 272/562/904 279/561/904 467/590/904
f 276/553/905 280/557/905 279/561/905
f 295/920/906 279/561/906 280/557/906
f 280/921/907 258/922/907 260/923/907
f 283/558/908 285/924/908 281/570/908
f 281/925/909 284/926/909 258/927/909
f 284/926/910 281/925/910 285/928/910
f 207/254/146 329/253/145 328/252/911 442/233/911
f 286/929/912 457/703/912 398/930/912
f 409/931/913 336/576/913 444/264/913
f 113/265/914 444/264/914 336/576/914
f 207/254/915 407/715/915 456/432/915
f 442/233/916 439/232/916 407/715/916
f 468/591/917 291/932/917 292/592/917
f 399/933/918 272/934/918 293/935/918
f 293/581/919 291/594/919 468/595/919
f 468/595/399 294/936/920 399/596/400
f 467/564/921 295/527/921 468/591/921
f 296/589/922 272/562/922 467/590/922
f 301/614/923 297/937/923 300/615/923
f 301/938/924 469/608/924 298/607/924
f 470/610/925 297/601/925 299/600/925
f 300/939/926 297/940/926 470/941/926
f 302/942/927 264/943/927 300/944/927
f 399/536/928 303/609/928 272/945/928
f 399/536/929 470/610/929 303/609/929
f 301/621/930 272/946/930 303/604/930
f 301/947/931 310/914/931 272/915/931
f 309/634/932 304/948/932 307/633/932
f 304/949/933 309/625/933 305/627/933
f 306/950/934 400/640/934 471/639/934
f 307/635/935 306/637/935 471/951/935
f 471/952/936 308/953/936 307/954/936
f 471/952/937 264/955/937 308/953/937
f 471/956/938 310/957/938 264/958/938
f 309/625/939 313/545/939 400/626/939
f 310/914/940 400/626/940 313/545/940
f 314/641/941 311/643/941 401/654/941
f 473/658/942 395/662/942 401/659/942
f 402/653/943 313/959/943 308/960/943
f 308/960/944 473/651/944 402/653/944
f 314/648/945 267/546/945 402/649/945
f 313/545/946 402/649/946 267/546/946
f 234/299/947 253/510/947 403/240/947
f 403/709/948 343/961/948 315/708/948
f 241/493/949 374/962/949 316/714/949
f 474/963/950 475/964/950 319/965/950
f 476/666/951 478/683/951 475/664/951
f 478/683/952 476/666/952 477/668/952
f 317/671/953 479/670/953 318/966/953
f 479/672/954 476/967/954 474/963/954
f 474/963/955 319/965/955 480/675/955
f 480/675/956 479/672/956 474/963/956
f 320/681/957 404/968/957 480/677/957
f 320/681/958 321/676/958 481/969/958
f 321/680/959 478/683/959 481/682/959
f 478/683/960 321/680/960 475/664/960
f 322/684/961 436/221/961 183/223/961
f 322/684/962 183/223/962 323/685/962
f 322/684/963 97/812/963 435/206/963
f 437/399/964 405/816/964 323/685/964
f 324/687/965 405/970/965 437/971/965
f 324/687/966 437/971/966 438/851/966
f 347/416/967 452/398/967 406/690/967
f 326/211/968 325/689/969 436/221/968
f 436/221/968 435/206/970 326/211/968
f 179/840/769 348/412/768 406/690/971
f 178/316/972 179/840/972 406/690/972
f 182/396/973 351/718/974 176/391/975
f 351/718/974 383/387/976 176/391/975
f 180/393/977 447/320/977 145/319/977
f 398/930/978 288/575/978 336/576/978 409/931/978
f 329/821/979 432/694/979 330/250/979
f 330/250/980 432/694/980 331/251/980
f 332/259/981 443/257/981 333/258/981
f 112/263/982 335/972/982 444/264/982
f 2/738/983 409/572/983 335/973/983
f 337/574/984 456/432/984 407/715/984
f 288/575/985 398/930/985 457/703/985
f 407/715/986 207/254/986 442/233/986
f 104/238/987 338/704/987 339/818/987
f 441/705/988 131/249/988 339/818/988
f 339/818/989 338/704/989 441/705/989
f 122/974/990 127/975/990 366/976/990
f 345/710/991 100/231/991 102/712/991
f 341/10/992 367/13/992 315/708/992
f 341/10/993 316/714/993 374/962/993
f 341/10/994 374/962/994 410/11/994
f 289/230/995 288/575/995 98/229/995
f 337/977/996 98/229/996 342/702/996
f 344/482/997 315/978/997 343/663/997
f 345/710/998 371/717/998 115/711/998
f 349/414/999 347/416/999 406/690/999
f 350/222/1000 436/221/1000 351/718/1000
f 175/979/1001 351/718/1001 325/689/1001
f 325/689/1002 365/688/1002 175/979/1002
f 422/34/1003 7/14/1003 17/16/1003
f 981/980/1004 982/981/1004 48/982/1004
f 986/748/1005 964/983/1005 5/22/1005
f 1000/984/1006 1001/795/1006 70/161/1006 69/163/1006
f 1026/985/1007 1020/986/1007 197/419/1007 193/842/1007
f 999/987/1008 998/988/1008 69/163/1008
f 1020/986/1009 1019/420/1009 197/419/1010
f 1008/989/1011 997/990/1011 199/749/1011
f 966/991/1012 967/992/1012 411/35/1012
f 1066/740/1013 1064/862/1013 409/572/1013
f 1015/993/1014 1014/994/1014 1/95/1014
f 1052/995/1015 1045/996/1015 205/425/1015 209/430/1015
f 1034/997/1016 1035/998/1016 353/729/1016 84/733/1016
f 1017/728/1017 1016/999/1017 1/95/1017 40/107/1017
f 994/1000/1018 999/987/1018 69/163/1018 66/157/1018
f 1016/999/1019 1015/993/1019 1/95/1019
f 1045/996/1020 1041/1001/1020 205/425/1020
f 1023/1002/1021 1021/1003/1021 8/15/1021 7/14/1021
f 1035/998/1022 1038/730/1022 353/729/1022
f 997/990/1023 996/750/1023 199/749/1023
f 1011/94/1024 1009/1004/1024 422/772/560 39/92/559
f 1030/735/1025 1033/1005/1025 84/733/1025
f 1056/1006/1026 1065/739/1026 2/738/1026
f 993/1007/1027 994/1000/1027 66/157/1027 51/128/1027
f 1010/1008/1028 1023/1009/1028 7/1010/1028
f 971/40/1029 970/42/1029 23/41/1029 3/38/1029
f 1061/437/1030 1060/1011/1030 211/857/1030 210/431/1030
f 1027/1012/1031 1026/985/1031 193/842/1031
f 1007/421/1032 1008/989/1032 199/749/1032 198/418/1032
f 1054/1013/1033 1053/1014/1033 72/1015/1033
f 1041/1001/1034 1042/5/1034 201/4/1034 205/425/1034
f 1043/6/1035 1040/423/1035 201/4/1035
f 1033/1005/1036 1034/997/1036 84/733/1036
f 1051/1016/1037 1049/858/1037 211/857/1037
f 1025/737/1038 1028/806/629 93/209/628
f 1014/994/1039 1013/96/1039 1/95/1039
f 967/992/1040 968/1017/1040 3/38/1040 411/35/1040
f 1060/1011/1041 1051/1016/1041 211/857/1041
f 979/55/1042 980/779/1042 28/53/1042
f 1068/863/1043 1067/439/1043 212/438/1043
f 964/983/1044 963/1018/1044 4/26/1044 5/22/1044
f 963/1018/1045 965/1019/1045 4/26/1045
f 977/726/1046 975/1020/1046 6/724/1046
f 965/1021/1047 966/991/1047 411/35/1047 4/752/1047
f 968/1017/1048 969/39/1048 3/38/1048
f 1031/853/1049 1027/1012/1049 193/842/1049 200/409/1049
f 1063/1022/1050 1062/436/1050 213/435/1050 212/1023/1050
f 975/1020/1051 976/1024/1051 355/1025/1051 6/724/1051
f 998/988/1052 1000/984/1052 69/163/1052
f 992/1026/1053 993/1027/1053 51/1028/1053
f 1050/859/1054 1052/995/1054 209/430/1054 211/857/1054
f 972/43/1055 973/741/1055 412/44/1055
f 1037/731/1056 1044/1029/1056 80/732/1056
f 1047/1030/1057 1054/1013/1057 72/1015/1057
f 1053/1014/1058 1046/1031/1058 72/1015/1058
f 1057/9/1059 1056/1006/1059 2/738/1059 408/7/1059
f 548/1032/1060 1003/3/1060 1002/2/1060
f 682/1033/1061 1043/6/1061 1042/5/1061
f 889/1034/1062 1057/9/1062 1058/8/1062
f 822/1035/1063 827/1036/1063 891/1037/1063
f 827/1038/1064 822/1039/1064 848/1040/1064
f 488/1041/1065 498/1042/1065 489/1043/1065
f 492/1044/1066 491/1045/1066 494/1046/1066
f 494/1047/1067 486/1048/1067 868/1049/1067
f 494/1047/1068 493/1050/1068 486/1048/1068
f 493/1050/1069 495/1051/1069 486/1048/1069
f 491/1052/1070 495/1051/1070 493/1050/1070
f 485/1053/1071 486/1048/1071 495/1051/1071
f 517/1054/1072 491/1052/1072 497/1055/1072
f 491/1052/1073 517/1054/1073 495/1051/1073
f 496/1056/1074 485/1053/1074 499/1057/1074
f 498/1042/1075 903/1058/1075 835/1059/1075
f 892/1060/1076 500/1061/1076 501/1062/1076
f 484/1063/1077 892/1060/1077 501/1062/1077
f 484/1063/1078 971/40/1078 969/39/1078
f 504/1064/1079 893/1065/1079 972/43/1079 970/42/1079
f 893/1065/1080 504/1064/1080 507/1066/1080
f 504/1064/1081 506/1067/1081 505/1068/1081
f 506/1069/1082 840/1070/1082 505/1071/1082
f 487/1072/1083 508/1073/1083 836/1074/1083
f 508/1073/1084 509/1075/1084 836/1074/1084
f 509/1075/1085 979/1076/1085 978/760/1085 836/1074/1085
f 837/1077/1086 508/1073/1086 895/1078/1086
f 895/1078/1087 536/1079/1087 837/1077/1087
f 537/1080/1088 838/1081/1088 510/1082/1088
f 838/1081/1089 898/1083/1089 510/1082/1089
f 838/1081/1090 840/1070/1090 898/1083/1090
f 840/1070/1091 895/1078/1091 505/1071/1091
f 895/1078/1092 840/1070/1092 838/1081/1092
f 838/1081/1093 537/1080/1093 536/1079/1093
f 512/1084/1094 510/1085/1094 511/1086/1094
f 512/1084/1095 511/1086/1095 897/1087/1095
f 898/1088/1096 511/1086/1096 510/1085/1096
f 840/1070/1097 513/1089/1097 901/1090/1097
f 900/1091/1098 513/1092/1098 506/1093/1098
f 513/1089/1099 900/1094/1099 901/1090/1099
f 514/1095/1100 900/1096/1100 502/1097/1100
f 900/1094/1101 514/1098/1101 901/1090/1101
f 899/1099/1102 902/1100/1102 515/1101/1102
f 899/1099/1103 515/1101/1103 518/1102/1103
f 518/1103/1104 511/1104/1104 899/1105/1104
f 518/1102/1105 516/1106/1105 517/1054/1105
f 835/1059/1106 897/1107/1106 497/1108/1106
f 839/1109/1107 519/1110/1107 904/1111/1107
f 520/1112/1108 1011/94/1108 1012/93/1108
f 482/1113/1109 520/1112/1109 1012/93/1109 1013/96/1109
f 521/1114/1110 1018/1115/1110 1006/777/1110 528/1116/1110
f 522/1117/1111 904/1111/1111 482/1113/1111
f 904/1111/1112 523/1118/1112 839/1109/1112
f 839/1119/1113 523/1120/1113 524/1121/1113
f 839/1122/1114 524/1123/1115 896/1124/1116
f 521/1125/1117 523/1118/1117 522/1117/1117
f 523/1120/1118 521/1114/1118 905/1126/1118
f 523/1120/1119 905/1126/1119 526/1127/1119
f 905/1126/1120 521/1114/1120 528/1116/1120
f 905/1126/1121 528/1116/1121 527/1128/1121
f 526/1127/1122 527/1128/1122 910/1129/1122
f 906/1130/1123 983/115/1123 982/114/1123 529/1131/1123
f 529/1132/1124 509/1133/1124 534/1134/1124
f 841/1135/1125 985/121/1125 984/120/1125
f 531/1136/1126 991/124/68 990/123/68
f 530/1137/1127 531/1136/1127 989/127/1127 988/126/1127
f 532/1138/1128 992/1026/1128 991/1139/1128 531/1140/1128
f 544/1141/1129 529/1131/1129 533/1142/1129
f 529/1131/1130 534/1143/1130 533/1142/1130
f 544/1141/1131 539/1144/1131 543/1145/1131
f 534/1134/1132 837/1146/1132 535/1147/1132
f 837/1146/1133 534/1134/1133 509/1133/1133
f 534/1143/1134 535/1148/1134 907/1149/1134
f 907/1149/1135 535/1148/1135 538/1150/1135
f 533/1142/1136 534/1143/1136 907/1149/1136
f 535/1148/1137 536/1079/1137 541/1151/1137
f 535/1148/1138 541/1151/1138 538/1150/1138
f 546/1152/1139 543/1145/1139 537/1080/1139
f 540/1153/1140 907/1154/1140 538/1155/1140
f 907/1149/1141 540/1156/1141 533/1142/1141
f 540/1157/1142 541/1158/1142 908/1159/1142
f 532/1160/1143 545/1161/1143 909/1162/1143
f 547/1163/1144 532/1138/1144 909/1164/1144
f 546/1152/1145 549/1165/1145 909/1164/1145
f 549/1165/1146 547/1163/1146 909/1164/1146
f 527/1128/1147 842/1166/1147 910/1129/1147
f 911/1167/1148 548/1032/1148 551/1168/1148
f 910/1129/1149 548/1032/1149 911/1167/1149
f 550/1169/1150 547/1163/1150 549/1165/1150
f 552/1170/1151 591/1171/1151 1055/166/1151 1059/165/1151
f 552/1170/1152 1059/165/1152 1046/1031/1152 553/1172/1152
f 553/1172/1153 554/1173/1153 912/1174/1153
f 589/1175/1154 555/1176/1154 843/1177/1154
f 555/1176/1155 589/1175/1155 912/1174/1155
f 843/1178/1156 557/1179/1156 844/1180/1156
f 557/1181/1157 558/1182/1157 844/1183/1157
f 557/1181/1158 914/1184/1158 568/1185/1158
f 914/1184/1159 557/1181/1159 555/1176/1159
f 558/1186/1160 915/1187/1160 844/1180/1160
f 558/1186/1161 559/1188/1161 915/1187/1161
f 560/1189/1162 914/1184/1162 555/1176/1162
f 561/1190/1163 560/1189/1163 556/1191/1163
f 562/1192/1164 568/1185/1164 914/1184/1164
f 568/1185/1165 570/1193/1165 558/1182/1165
f 834/1194/1166 563/1195/1166 561/1190/1166
f 563/1195/1167 562/1192/1167 914/1184/1167
f 563/1195/1168 834/1194/1168 564/1196/1168
f 566/1197/1169 565/1198/1170 573/1199/1171
f 564/1196/1172 566/1197/1172 562/1192/1172
f 567/1200/1173 568/1185/1173 562/1192/1173
f 568/1185/1174 572/1201/1174 570/1193/1174
f 566/1197/1175 569/1202/1175 567/1200/1175
f 567/1200/1176 575/1203/1176 572/1201/1176
f 570/1204/1177 571/1205/1177 845/1206/1177
f 808/1207/1178 576/1208/1178 571/1205/1178
f 572/1201/1179 575/1203/1179 808/1209/1179
f 569/1202/1180 916/1210/1180 575/1203/1180
f 577/1211/1181 916/1210/1181 569/1202/1181
f 577/1211/1182 573/1199/1182 574/1212/1182
f 807/1213/1183 808/1209/1183 575/1203/1183
f 576/1208/1184 675/1214/1184 672/1215/1184
f 617/1216/1185 616/1217/1185 576/1208/1185
f 576/1208/1186 616/1217/1186 675/1214/1186
f 617/1218/1187 846/1219/1187 656/1220/1187
f 917/1221/1188 664/1222/1188 831/1223/1188
f 577/1211/1189 574/1212/1189 489/1043/1189
f 489/1043/1190 574/1212/1190 1022/226/1190 1021/225/1190
f 920/1224/1191 579/1225/1191 580/1226/1191
f 770/1227/1192 581/1228/1192 579/1225/1192
f 920/1229/1193 580/1230/1193 923/1231/1193
f 582/1232/1194 580/1226/1194 581/1228/1194
f 584/1233/1195 580/1230/1195 582/1234/1195
f 585/1235/1196 884/1236/1196 587/1237/1196
f 847/1238/1197 586/1239/1197 921/1240/1197
f 586/1239/1198 603/1241/1198 590/1242/1198
f 603/1241/1199 586/1239/1199 847/1238/1199
f 849/1243/1200 612/1244/1200 587/1237/1200
f 811/1245/1201 586/1239/1201 812/1246/1201
f 586/1239/1202 809/1247/1202 921/1240/1202
f 810/1248/1203 850/1249/1204 688/1250/1205
f 810/1248/1206 588/1251/1206 850/1249/1206
f 812/1252/1207 924/1253/1207 589/1175/1207
f 814/1254/1208 813/1255/1208 590/1256/1208
f 592/1257/1209 591/1171/1209 912/1174/1209
f 592/1257/1210 815/1258/1210 591/1171/1210
f 593/1259/1211 594/1260/1211 925/1261/1211
f 851/1262/1212 597/1263/1212 816/1264/1212
f 595/1265/1213 815/1266/1213 592/1267/1213
f 595/1268/1214 592/1257/1214 814/1254/1214
f 601/1269/1215 598/1270/1215 600/1271/1215
f 598/1270/1216 599/1272/1216 595/1268/1216
f 595/1265/1217 599/1273/1217 597/1263/1217
f 602/1274/1218 590/1256/1218 603/1275/1218
f 597/1263/1219 853/1276/1219 596/1277/1219
f 599/1272/1220 601/1269/1220 604/1278/1220
f 853/1276/1221 599/1273/1221 604/1279/1221
f 605/1280/1222 602/1274/1222 603/1275/1222
f 606/1281/1223 852/1282/1223 607/1283/1223
f 610/1284/1224 604/1278/1224 601/1269/1224
f 602/1274/1225 610/1284/1225 601/1269/1225
f 610/1284/1226 602/1274/1226 605/1280/1226
f 606/1281/1227 607/1283/1227 604/1279/1227
f 891/1037/1228 606/1281/1228 854/1285/1228
f 604/1279/1229 613/1286/1229 854/1285/1229
f 926/1287/1230 891/1037/1231 854/1285/1232
f 613/1286/1233 926/1287/1233 854/1285/1233
f 926/1288/1234 613/1289/1234 615/1290/1234
f 615/1290/1235 611/1291/1235 614/1292/1235
f 855/1293/1236 926/1287/1236 725/1294/1236
f 615/1290/1237 725/1295/1237 926/1288/1237
f 856/1296/1238 615/1290/1238 873/1297/1238
f 615/1290/1239 614/1292/1239 873/1297/1239
f 715/1298/1240 874/1299/1240 849/1243/1240
f 620/1300/1241 616/1301/1241 617/1302/1241
f 616/1303/1242 620/1304/1242 660/1305/1242
f 619/1306/1243 620/1300/1243 617/1302/1243
f 857/1307/1244 619/1306/1244 617/1302/1244
f 620/1300/1245 618/1308/1245 621/1309/1245
f 618/1310/1246 622/1311/1246 621/1312/1246
f 623/1313/1247 658/1314/1247 621/1312/1247
f 658/1314/1248 623/1313/1248 929/1315/1248
f 658/1314/1249 929/1315/1249 659/1316/1249
f 624/1317/1250 659/1318/1250 929/1319/1250
f 659/1318/1251 624/1317/1251 626/1320/1251
f 626/1320/1252 625/1321/1252 928/1322/1252
f 625/1321/1253 626/1320/1253 624/1317/1253
f 858/1323/1254 625/1321/1254 649/1324/1254
f 649/1324/1255 624/1317/1255 929/1319/1255
f 622/1311/1256 627/1325/1256 930/1326/1256
f 627/1327/1257 622/1328/1257 618/1308/1257
f 627/1327/1258 618/1308/1258 637/1329/1258
f 628/1330/1259 627/1331/1259 635/1332/1259
f 627/1325/1260 628/1333/1260 930/1326/1260
f 635/1334/1261 629/1335/1261 628/1336/1261
f 631/1337/1262 645/1338/1262 751/1339/1262
f 931/1340/1263 631/1337/1263 630/1341/1263
f 632/1342/1264 859/1343/1264 754/1344/1264
f 860/1345/1265 633/1346/1265 756/1347/1265
f 633/1348/1266 644/1349/1266 632/1342/1266
f 638/1350/1267 644/1351/1267 633/1346/1267
f 860/1345/1268 638/1350/1268 633/1346/1268
f 634/1352/1269 750/1353/1269 932/1354/1269
f 635/1334/1270 750/1353/1270 629/1335/1270
f 635/1334/1271 932/1354/1271 750/1353/1271
f 635/1334/1272 636/1355/1272 932/1354/1272
f 860/1345/1273 634/1356/1273 932/1357/1273
f 640/1358/1274 636/1355/1274 637/1329/1274
f 637/1329/1275 636/1355/1275 635/1334/1275
f 636/1355/1276 640/1358/1276 932/1354/1276
f 643/1359/1277 638/1350/1277 932/1357/1277
f 639/1360/1278 638/1350/1278 643/1359/1278
f 638/1350/1279 639/1360/1279 644/1351/1279
f 640/1361/1280 861/1362/1281 643/1359/1282
f 861/1362/1281 640/1361/1280 642/1363/1283
f 641/1364/1284 637/1329/1284 618/1308/1284
f 637/1329/1285 641/1364/1285 640/1358/1285
f 639/1365/1286 651/1366/1286 858/1367/1286
f 651/1368/1287 643/1359/1287 861/1362/1287
f 643/1359/1288 651/1368/1288 639/1360/1288
f 647/1369/1289 646/1370/1290 930/1326/1291
f 647/1369/1292 645/1338/1292 862/1371/1292
f 648/1372/1293 644/1349/1293 639/1373/1293
f 927/1374/1294 646/1370/1294 623/1313/1294
f 648/1372/1295 649/1324/1295 863/1375/1295
f 652/1376/1296 642/1363/1296 650/1377/1296
f 650/1378/1297 641/1364/1297 618/1308/1297
f 651/1379/1298 625/1321/1298 858/1323/1298
f 861/1362/1299 653/1380/1299 625/1381/1299
f 864/1382/1300 652/1376/1301 655/1383/1302
f 654/1384/1303 657/1385/1303 653/1380/1303
f 620/1304/1304 658/1314/1304 660/1305/1304
f 662/1386/1305 661/1387/1305 928/1322/1305
f 662/1386/1306 934/1388/1306 865/1389/1306
f 663/1390/1307 831/1223/1307 664/1222/1307
f 935/1391/1308 933/1392/1308 662/1386/1308
f 918/1393/1309 865/1394/1309 663/1390/1309
f 865/1395/1310 918/1396/1310 919/1397/1310
f 558/1186/1311 665/1398/1311 559/1188/1311
f 665/1398/1312 666/1399/1312 559/1188/1312
f 668/1400/1313 666/1399/1314 845/1206/1315
f 666/1399/1316 668/1400/1316 667/1401/1316
f 670/1402/1317 681/1403/1317 669/1404/1317
f 668/1400/1318 671/1405/1318 866/1406/1318
f 671/1405/1319 668/1400/1319 672/1215/1319
f 668/1400/1320 845/1206/1320 672/1215/1320
f 671/1405/1321 672/1215/1321 675/1214/1321
f 829/1407/1322 867/1408/1323 675/1214/1324
f 867/1408/1325 829/1407/1325 830/1409/1325
f 830/1409/1326 828/1410/1326 677/1411/1326
f 868/1049/1327 676/1412/1327 494/1047/1327
f 679/1413/1328 677/1411/1328 676/1412/1328
f 679/1413/1329 678/1414/1329 677/1411/1329
f 678/1415/1330 679/1416/1330 1007/421/273 1019/420/273
f 936/1417/1331 1039/424/1331 1040/423/1331 682/1033/1331
f 682/1033/1332 686/1418/1332 936/1417/1332
f 683/1419/1333 684/1420/1333 915/1187/1333
f 684/1420/1334 685/1421/1334 689/1422/1334
f 685/1421/1335 686/1423/1335 690/1424/1335
f 684/1420/1336 689/1422/1336 688/1250/1336
f 691/1425/1337 768/1426/1337 937/1427/1337
f 768/1426/1338 691/1425/1338 938/1428/1338
f 694/1429/1339 691/1425/1339 1061/1430/1339 1062/1431/1339
f 693/1432/1340 1063/440/1340 1067/439/1340
f 940/1433/1341 737/1434/1341 731/1435/1341
f 714/1436/1342 695/1437/1342 730/1438/1342
f 696/1439/1343 697/1440/1343 714/1436/1343
f 695/1437/1344 714/1436/1344 941/1441/1344
f 697/1440/1345 696/1439/1345 708/1442/1345
f 869/1443/1346 697/1444/1346 708/1445/1346
f 698/1446/1347 697/1440/1347 869/1447/1347
f 705/1448/1348 698/1446/1348 869/1447/1348
f 698/1446/1349 705/1448/1349 711/1449/1349
f 702/1450/1350 703/1451/1350 710/1452/1350
f 700/1453/1351 703/1451/1352 702/1450/1353
f 707/1454/1354 871/1455/1354 703/1451/1354
f 703/1451/1355 705/1456/1355 706/1457/1355
f 709/1458/1356 707/1459/1356 708/1445/1356
f 696/1460/1357 709/1458/1357 708/1445/1357
f 728/1461/1358 942/1462/1358 729/1463/1358
f 712/1464/1359 713/1465/1359 716/1466/1359
f 713/1465/1360 712/1464/1361 711/1449/1362
f 713/1467/1363 732/1468/1363 716/1469/1363
f 712/1470/1364 716/1469/1364 872/1471/1364
f 872/1472/1365 717/1473/1366 825/1474/1367
f 719/1475/1368 872/1472/1368 825/1474/1368
f 719/1475/1369 718/1476/1369 943/1477/1369
f 872/1472/1370 719/1475/1370 943/1477/1370
f 941/1441/1371 718/1478/1371 720/1479/1371
f 943/1480/1372 718/1478/1372 941/1441/1372
f 722/1481/1373 720/1482/1373 718/333/1373
f 720/1482/1374 722/1481/1374 721/1483/1374
f 720/1484/1375 939/1485/1375 941/1486/1375
f 939/1485/1376 721/1487/1377 735/1488/1378
f 720/1484/1379 721/1487/1377 939/1485/1376
f 856/1489/1380 724/1490/1380 725/1491/1380
f 726/1492/1381 873/1493/1381 733/1494/1381
f 873/1493/1382 726/1492/1382 856/1489/1382
f 728/1495/1383 723/1496/1383 724/1490/1383
f 726/1492/1384 707/1454/1384 724/1490/1384
f 871/1455/1385 726/1492/1385 733/1494/1385
f 727/1497/1386 729/1498/1386 731/1499/1386
f 873/1500/1387 874/1299/1387 732/1468/1387
f 715/1298/1388 734/1501/1389 716/1469/1390
f 731/1499/1391 737/1502/1391 727/1497/1391
f 738/1503/1392 735/1488/1392 736/1504/1392
f 735/1488/1393 738/1503/1393 939/1485/1393
f 939/1505/1394 738/1506/1394 940/1433/1394
f 740/1507/1395 766/1508/1395 944/1509/1395
f 765/1510/1396 739/1511/1396 944/1512/1396
f 944/1513/1397 741/1514/1397 742/1515/1397
f 743/1516/1398 742/1517/1398 945/1518/1398
f 743/1519/1399 740/1507/1399 742/1520/1399
f 776/1521/1400 945/1518/1400 741/1522/1400
f 746/1523/1401 945/1518/1401 776/1521/1401
f 743/1516/1402 945/1518/1402 744/1524/1402
f 875/1525/1403 743/1516/1403 946/1526/1403
f 750/1353/1404 946/1526/1404 744/1524/1404
f 775/1527/1405 746/1523/1405 776/1521/1405
f 775/1527/1406 880/1528/1407 746/1523/1408
f 746/1523/1409 744/1524/1409 945/1518/1409
f 745/1529/1410 747/1530/1410 746/1523/1410
f 747/1530/1411 744/1524/1412 746/1523/1413
f 747/1530/1411 877/1531/1414 744/1524/1412
f 751/1339/1415 877/1532/1415 631/1337/1415
f 749/1533/1416 630/1341/1416 877/1532/1416
f 752/1534/1417 859/1343/1417 749/1535/1417
f 752/1534/1418 878/1536/1418 754/1344/1418
f 794/1537/1419 752/1534/1419 748/1538/1419
f 754/1344/1420 859/1343/1420 752/1534/1420
f 750/1353/1421 755/1539/1422 946/1526/1423
f 860/1345/1424 755/1540/1424 634/1356/1424
f 755/1539/1425 875/1525/1425 946/1526/1425
f 755/1540/1426 757/1541/1426 875/1542/1426
f 757/1541/1427 755/1540/1427 860/1345/1427
f 759/1543/1428 758/1544/1429 878/1536/1430
f 763/1545/1431 757/1541/1431 761/1546/1431
f 764/1547/1432 875/1542/1432 763/1545/1432
f 759/1543/1433 753/1548/1433 760/1549/1433
f 760/1550/1434 757/1541/1434 759/1551/1434
f 761/1552/1435 776/1521/1435 741/1522/1435
f 776/1553/1436 760/1550/1436 948/1554/1436
f 762/1555/1437 761/1556/1437 739/1511/1437
f 761/1546/1438 762/1557/1438 763/1545/1438
f 763/1545/1439 762/1557/1439 764/1547/1439
f 879/1558/1440 767/1559/1440 890/1560/1440
f 768/1426/1441 818/1561/1441 937/1427/1441
f 818/1562/1442 768/1563/1443 938/1564/1444
f 769/1565/1445 817/1566/1445 594/1567/1445
f 770/1227/1446 769/1565/1446 594/1567/1446
f 777/1568/1447 771/1569/1447 947/1570/1447
f 771/1569/1448 777/1568/1448 774/1571/1448
f 771/1572/1449 772/1573/1449 947/1574/1449
f 947/1574/1450 772/1573/1450 773/1575/1450
f 773/1575/1451 777/1576/1451 947/1574/1451
f 777/1577/1452 773/1578/1452 948/1579/1452
f 948/1580/1453 773/1581/1453 949/1582/1453
f 774/1571/1454 777/1568/1454 753/1583/1454
f 774/1584/1455 772/1585/1455 771/1586/1455
f 949/1582/1456 774/1584/1457 880/1528/1458
f 949/1582/1459 775/1527/1459 776/1521/1459
f 779/1587/1460 782/1588/1460 778/1589/1460
f 780/1590/1461 779/1591/1461 778/1592/1461
f 950/1593/1462 780/1594/1462 784/1595/1462
f 780/1596/1463 950/1597/1463 779/1598/1463
f 780/1590/1464 951/1599/1464 784/1600/1464
f 791/1601/1465 745/1602/1465 781/1603/1465
f 782/1604/1466 791/1601/1466 781/1603/1466
f 951/617/1467 781/1605/1467 783/1606/1467
f 783/1607/1468 880/1528/1468 951/1608/1468
f 783/1607/1469 745/1529/1469 880/1528/1469
f 782/1609/1470 950/1610/1470 784/1611/1470
f 786/1612/1471 785/1613/1471 787/1614/1471
f 790/1615/1472 786/1616/1472 881/1617/1472
f 787/1618/1473 881/1619/1473 786/1620/1473
f 789/1621/1474 788/1622/1474 794/1623/1474
f 788/1622/1475 790/1624/1475 794/1623/1475
f 788/1625/1476 787/1614/1476 785/1613/1476
f 791/1626/1477 881/1627/1477 952/1628/1477
f 795/1629/1478 792/1630/1478 953/1631/1478
f 792/1632/1479 793/1633/1479 953/1634/1479
f 953/1635/1480 883/1636/1480 795/1637/1480
f 953/1635/1481 793/1638/1481 883/1636/1481
f 954/1639/1482 883/1640/1482 793/1641/1482
f 795/1629/1483 876/1642/1483 882/1643/1483
f 876/1642/1484 795/1629/1484 748/1644/1484
f 792/1645/1485 882/1646/1485 954/1647/1485
f 792/1645/1486 954/1647/1486 793/1648/1486
f 789/1649/1487 954/1647/1487 876/1650/1487
f 884/1236/1488 715/1298/1488 587/1237/1488
f 734/1501/1489 884/1236/1489 824/1651/1489
f 956/1652/1490 957/1653/1490 955/1654/1490
f 798/1655/1491 957/1656/1491 958/1657/1491
f 957/1658/1492 798/1659/1493 960/1660/1494
f 960/1661/1495 799/1662/1495 885/1663/1495
f 961/1664/1496 960/1665/1496 885/1666/1496
f 802/1667/1497 800/1668/1497 961/1669/1497
f 800/1670/1498 802/1671/1498 956/1652/1498
f 801/1672/1499 802/1667/1499 961/1669/1499
f 958/1657/1500 959/1673/1500 962/1674/1500
f 803/1675/1501 917/1221/1501 916/1210/1501
f 804/1676/1502 918/1393/1502 664/1222/1502
f 935/1677/1503 492/1044/1503 494/1046/1503
f 935/1677/1504 805/1678/1505 492/1044/1506
f 807/1213/1507 846/1679/1507 808/1209/1507
f 807/1213/1508 806/1680/1508 846/1679/1508
f 829/1407/1509 887/1681/1509 830/1409/1509
f 657/1385/1510 663/1390/1510 934/1682/1510
f 928/1322/1511 657/1683/1511 934/1388/1511
f 810/1248/1512 809/1247/1512 811/1245/1512
f 812/1252/1513 589/1175/1513 913/1684/1513
f 924/1253/1514 812/1252/1514 813/1255/1514
f 814/1254/1515 592/1257/1515 924/1253/1515
f 816/1264/1516 925/1261/1516 890/1685/1516
f 483/1686/1517 889/1687/1517 816/1264/1517
f 816/1264/1518 889/1687/1518 851/1262/1518
f 823/1688/1519 818/1562/1442 938/1564/1444
f 823/1688/1520 938/1564/1520 769/1565/1520
f 585/1689/1521 584/1690/1521 582/1232/1521
f 584/1233/1522 585/1235/1522 819/1691/1522
f 922/1692/1523 608/1693/1523 819/1691/1523
f 608/1693/1524 922/1692/1524 603/1241/1524
f 848/1040/1525 796/1694/1525 821/1695/1525
f 821/1695/1526 796/1694/1526 884/1696/1526
f 581/1228/1527 770/1227/1527 594/1567/1527
f 594/1567/1528 826/1697/1528 581/1228/1528
f 826/1698/1529 594/1260/1529 596/1277/1529
f 826/1697/1530 827/1038/1530 583/1699/1530
f 821/1695/1531 582/1232/1531 583/1699/1531
f 821/1695/1532 583/1699/1532 848/1040/1532
f 582/1232/1533 821/1695/1533 585/1689/1533
f 825/1474/1534 822/1039/1534 797/1700/1534
f 822/1039/1535 825/1474/1535 796/1694/1535
f 769/1565/1536 579/1225/1536 823/1688/1536
f 818/1561/1537 920/1229/1537 888/1701/1537
f 920/1224/1538 818/1562/1538 579/1225/1538
f 827/1036/1539 826/1698/1539 852/1282/1539
f 832/1702/1540 806/1680/1540 917/1221/1540
f 655/1383/1541 832/1702/1541 864/1382/1541
f 832/1703/1542 655/1704/1542 656/1705/1542
f 835/1059/1543 903/1058/1543 897/1107/1543
f 488/1041/1544 1010/1706/1544 1009/1707/1544 903/1058/1544
f 487/1708/1545 977/726/1545 974/725/1545
f 521/1125/1546 1017/728/1546 1018/727/1546
f 834/1194/1547 561/1190/1547 1037/731/1547 1038/730/1547
f 565/1198/1548 1030/735/1548 1029/734/1548 573/1199/1548
f 574/1212/1549 1024/736/1549 1022/226/1549
f 574/1212/1550 1025/737/1550 1024/736/1550
f 560/1189/1551 555/1176/1551 554/1173/1551 556/1191/1551
f 483/1709/1552 890/1560/1552 1066/740/1552 1065/739/1552
f 827/1036/1553 852/1282/1553 891/1037/1553
f 487/1708/1554 974/725/1554 973/741/1554 893/1065/1554
f 489/1043/1555 498/1042/1555 490/1710/1555
f 490/1710/1556 498/1042/1556 835/1059/1556
f 497/1108/1557 894/1711/1557 490/1710/1557
f 497/1108/1558 490/1710/1558 835/1059/1558
f 491/1052/1559 894/1712/1559 497/1055/1559
f 491/1045/1560 492/1044/1560 894/1713/1560
f 492/1044/1506 805/1678/1505 894/1713/1561
f 491/1045/1562 493/1714/1562 494/1046/1562
f 486/1048/1563 986/1715/1563 995/1716/1563 868/1049/1563
f 868/1717/1564 995/747/1564 996/750/1564 680/1718/1564
f 495/1051/1565 499/1057/1565 485/1053/1565
f 499/1057/1566 495/1051/1566 517/1054/1566
f 517/1054/1567 516/1106/1567 499/1057/1567
f 892/1060/1568 485/1719/1568 500/1061/1568
f 496/1056/1569 500/1720/1569 485/1053/1569
f 503/1721/1570 499/1057/1570 516/1106/1570
f 496/1056/1571 503/1721/1571 500/1720/1571
f 503/1721/1572 496/1056/1572 499/1057/1572
f 500/1061/1573 506/1067/1574 501/1062/1575
f 484/1063/1576 501/1062/1576 504/1064/1576
f 506/1067/1577 504/1064/1577 501/1062/1577
f 500/1061/1573 502/1722/1578 506/1067/1574
f 503/1721/1579 502/1723/1579 500/1720/1579
f 487/1708/1580 507/1066/1580 508/1724/1580
f 507/1066/1581 487/1708/1581 893/1065/1581
f 504/1064/1582 505/1068/1582 507/1066/1582
f 505/1071/1583 508/1073/1583 507/1725/1583
f 508/1073/1584 505/1071/1584 895/1078/1584
f 836/1074/1585 978/760/1585 976/759/1585
f 509/1075/1586 508/1073/1586 837/1077/1586
f 838/1081/1587 536/1079/1587 895/1078/1587
f 536/1079/1588 537/1080/1588 542/1726/1588
f 512/1727/1589 537/1080/1589 510/1082/1589
f 896/1728/1590 525/1729/1590 537/1080/1590
f 896/1728/1591 537/1080/1591 512/1727/1591
f 896/1124/1116 512/1084/1592 839/1122/1114
f 512/1084/1593 519/1730/1593 839/1122/1593
f 840/1070/1594 901/1090/1594 898/1083/1594
f 537/1080/1595 525/1729/1595 546/1152/1595
f 506/1731/1596 513/1732/1596 840/1733/1596
f 901/1090/1597 902/1734/1598 898/1083/1599
f 900/1735/1600 506/1736/1600 502/1737/1600
f 514/1098/1601 902/1734/1601 901/1090/1601
f 514/1738/1602 502/1739/1602 902/1740/1602
f 502/1723/1603 503/1721/1603 902/1100/1603
f 902/1100/1604 503/1721/1604 516/1106/1604
f 515/1101/1605 902/1100/1605 516/1106/1605
f 898/1083/1606 899/1741/1606 511/1742/1606
f 899/1741/1607 898/1083/1599 902/1734/1598
f 515/1101/1608 516/1106/1608 518/1102/1608
f 511/1086/1609 518/1743/1609 897/1087/1609
f 518/1102/1610 517/1054/1610 497/1055/1610
f 497/1108/1611 897/1107/1611 518/1744/1611
f 512/1084/1612 897/1087/1613 519/1730/1614
f 903/1745/1615 519/1730/1614 897/1087/1613
f 904/1746/1616 519/1730/1616 903/1745/1616
f 904/1111/1617 903/1747/1618 520/1112/1619
f 904/1111/1620 520/1112/1620 482/1113/1620
f 521/1125/1621 522/1117/1621 482/1113/1621
f 523/1118/1622 904/1111/1622 522/1117/1622
f 523/1120/1623 526/1127/1623 524/1121/1623
f 524/1121/1624 525/1729/1624 896/1728/1624
f 525/1729/1625 524/1121/1625 526/1127/1625
f 905/1126/1626 527/1128/1626 526/1127/1626
f 833/1748/1627 528/1116/1627 1005/775/1627 1004/774/1627
f 528/1116/1628 1006/777/1628 1005/775/1628
f 528/1116/1629 833/1748/1629 527/1128/1629
f 529/1131/1630 981/1749/1630 980/1750/1630 509/1075/1630
f 906/1130/1631 529/1131/1631 544/1141/1631
f 841/1135/1632 984/120/1632 983/115/1632 906/1130/1632
f 530/1751/1633 906/1130/1633 544/1141/1633
f 906/1130/1634 530/1751/1634 988/1752/1634 987/1753/1634
f 531/1136/1635 990/123/577 989/127/577
f 531/1140/1636 545/1754/1636 532/1138/1636
f 545/1755/1637 531/1136/1637 530/1137/1637
f 544/1141/1638 545/1754/1638 530/1751/1638
f 533/1756/1639 539/1757/1639 544/1758/1639
f 536/1079/1640 535/1148/1640 837/1077/1640
f 908/1759/1641 536/1079/1641 542/1726/1641
f 908/1159/1642 541/1158/1642 536/1760/1642
f 542/1726/1643 537/1080/1643 543/1145/1643
f 546/1152/1644 909/1164/1644 543/1145/1644
f 538/1155/1645 541/1761/1645 540/1153/1645
f 540/1157/1646 539/1757/1646 533/1756/1646
f 539/1757/1647 540/1157/1647 908/1159/1647
f 539/1144/1648 908/1759/1648 542/1726/1648
f 543/1145/1649 539/1144/1649 542/1726/1649
f 545/1762/1650 544/1763/1650 543/1764/1650
f 545/1754/1651 543/1145/1651 909/1164/1651
f 546/1152/1652 525/1729/1652 549/1165/1652
f 549/1165/1653 525/1729/1653 526/1127/1653
f 526/1127/1654 910/1129/1654 549/1165/1654
f 833/1748/1655 842/1166/1655 527/1128/1655
f 548/1032/1656 1002/2/1656 1001/1765/1656 551/1168/1656
f 911/1167/1657 549/1165/1657 910/1129/1657
f 911/1167/1658 550/1169/1658 549/1165/1658
f 550/1169/1659 911/1167/1659 551/1168/1659
f 591/1171/1660 889/1766/1660 1058/797/1660 1055/166/1660
f 591/1171/1661 552/1170/1661 912/1174/1661
f 552/1170/1662 553/1172/1662 912/1174/1662
f 589/1175/1663 843/1177/1663 913/1684/1663
f 555/1176/1664 912/1174/1664 554/1173/1664
f 557/1181/1665 843/1177/1665 555/1176/1665
f 556/1191/1666 554/1173/1666 553/1172/1666
f 808/1207/1667 846/1767/1667 617/1216/1667 576/1208/1667
f 556/1191/1668 553/1172/1668 1047/1030/1668 1048/1768/1668
f 557/1181/1669 568/1185/1669 558/1182/1669
f 559/1188/1670 683/1419/1670 915/1187/1670
f 560/1189/1671 561/1190/1671 563/1195/1671
f 560/1189/1672 563/1195/1672 914/1184/1672
f 561/1190/1673 556/1191/1673 1048/1768/1673 1044/1029/1673
f 563/1195/1674 564/1196/1674 562/1192/1674
f 834/1194/1675 565/1198/1675 564/1196/1675
f 564/1196/1676 565/1198/1676 566/1197/1676
f 568/1185/1677 567/1200/1677 572/1201/1677
f 566/1197/1678 567/1200/1678 562/1192/1678
f 567/1200/1679 569/1202/1679 575/1203/1679
f 665/1398/1680 570/1204/1680 845/1206/1680
f 572/1769/1681 571/1205/1681 570/1204/1681
f 571/1205/1682 572/1769/1682 808/1207/1682
f 576/1208/1683 845/1206/1683 571/1205/1683
f 845/1206/1684 576/1208/1684 672/1215/1684
f 569/1202/1685 566/1197/1685 577/1211/1685
f 574/1212/1686 573/1199/1687 1029/734/1687 1028/806/1688
f 566/1197/1169 573/1199/1171 577/1211/1689
f 807/1213/1690 575/1203/1690 916/1210/1690
f 616/1770/1691 660/1771/1691 675/1772/1691
f 610/1284/1692 609/1773/1692 611/1291/1692 613/1289/1692
f 578/1774/1693 577/1211/1693 489/1043/1693
f 577/1211/1694 578/1774/1694 916/1210/1694
f 578/1774/1695 804/1676/1695 803/1675/1695
f 490/1710/1696 578/1774/1696 489/1043/1696
f 578/1774/1697 490/1710/1697 804/1676/1697
f 804/1676/1698 490/1710/1698 886/1775/1698
f 886/1775/1699 490/1710/1699 894/1711/1699
f 894/1713/1700 805/1678/1700 886/1776/1700
f 579/1225/1701 581/1228/1701 580/1226/1701
f 580/1230/1702 847/1238/1702 921/1240/1702
f 580/1230/1703 921/1240/1703 923/1231/1703
f 583/1699/1704 582/1232/1704 581/1228/1704
f 827/1038/1705 848/1040/1705 583/1699/1705
f 584/1233/1706 847/1238/1706 580/1230/1707
f 847/1238/1706 584/1233/1706 819/1691/1708
f 585/1689/1709 821/1695/1709 884/1696/1709
f 587/1237/1710 820/1777/1710 585/1235/1710
f 587/1237/1711 612/1244/1711 820/1777/1711
f 809/1247/1712 586/1239/1712 811/1245/1712
f 812/1246/1713 586/1239/1713 590/1242/1713
f 809/1247/1714 923/1231/1714 921/1240/1714
f 588/1251/1715 810/1248/1715 913/1778/1715
f 589/1175/1716 924/1253/1716 912/1174/1716
f 590/1256/1717 600/1271/1717 814/1254/1717
f 813/1255/1718 812/1252/1718 590/1256/1718
f 912/1174/1719 924/1253/1719 592/1257/1719
f 815/1266/1720 889/1687/1721 591/1779/1722
f 815/1266/1720 851/1262/1723 889/1687/1721
f 597/1263/1724 594/1260/1724 593/1259/1724
f 597/1263/1725 593/1259/1725 816/1264/1725
f 595/1265/1726 851/1262/1726 815/1266/1726
f 851/1262/1727 595/1265/1727 597/1263/1727
f 598/1270/1728 595/1268/1728 814/1254/1728
f 596/1277/1729 594/1260/1729 597/1263/1729
f 599/1272/1730 598/1270/1730 601/1269/1730
f 600/1271/1731 598/1270/1731 814/1254/1731
f 599/1273/1732 853/1276/1732 597/1263/1732
f 600/1271/1733 602/1274/1733 601/1269/1733
f 590/1256/1734 602/1274/1734 600/1271/1734
f 853/1276/1735 607/1283/1735 596/1277/1735
f 607/1283/1736 852/1282/1736 596/1277/1736
f 608/1693/1737 847/1238/1737 819/1691/1737
f 605/1280/1738 609/1773/1738 610/1284/1738
f 604/1279/1739 607/1283/1739 853/1276/1739
f 609/1773/1740 605/1280/1740 922/1780/1740
f 609/1773/1741 922/1780/1741 611/1291/1741
f 922/1780/1742 605/1280/1742 603/1275/1742
f 854/1285/1743 606/1281/1743 604/1279/1743
f 606/1281/1744 891/1037/1744 852/1282/1744
f 610/1284/1745 613/1289/1745 604/1278/1745
f 857/1307/1746 650/1378/1746 618/1308/1746 619/1306/1746
f 611/1291/1747 922/1780/1747 612/1781/1747
f 612/1781/1748 849/1782/1748 611/1291/1748
f 926/1287/1230 855/1293/1749 891/1037/1231
f 615/1290/1750 613/1289/1750 611/1291/1750
f 614/1783/1751 611/937/1751 849/1784/1751
f 722/1785/1752 855/1293/1752 725/1294/1752
f 615/1290/1753 856/1296/1753 725/1295/1753
f 614/1786/1754 874/1299/1754 873/1500/1754
f 874/1787/1755 614/1788/1755 849/1789/1755
f 849/1243/1756 587/1237/1756 715/1298/1756
f 857/1307/1757 617/1302/1757 656/1705/1757
f 620/1300/1758 619/1306/1758 618/1308/1758
f 632/1342/1759 644/1349/1759 931/1790/1759 859/1343/1759
f 622/1311/1760 927/1374/1760 621/1312/1760
f 658/1314/1761 620/1304/1761 621/1312/1761
f 625/1321/1762 624/1317/1762 649/1324/1762
f 623/1313/1763 621/1312/1763 927/1374/1763
f 927/1374/1764 622/1311/1764 930/1326/1764
f 627/1327/1765 637/1329/1765 635/1334/1765
f 629/1335/1766 751/1791/1766 628/1336/1766
f 645/1338/1767 628/1333/1767 751/1339/1767
f 931/1340/1768 645/1338/1768 631/1337/1768
f 630/1341/1769 859/1792/1769 931/1340/1769
f 756/1793/1770 633/1348/1770 632/1342/1770
f 654/1384/1771 861/1362/1771 642/1363/1771 652/1376/1771
f 638/1350/1772 860/1345/1772 932/1357/1772
f 640/1361/1773 643/1359/1773 932/1357/1773
f 640/1361/1774 641/1794/1774 642/1363/1774
f 644/1349/1775 862/1795/1775 931/1790/1775
f 645/1338/1776 931/1340/1776 862/1371/1776
f 647/1369/1289 930/1326/1291 645/1338/1777
f 645/1338/1778 930/1326/1778 628/1333/1778
f 646/1370/1779 647/1369/1779 863/1796/1779
f 647/1369/1780 862/1371/1780 863/1796/1780
f 648/1372/1781 639/1373/1781 858/1323/1781
f 649/1324/1782 648/1372/1782 858/1323/1782
f 644/1349/1783 648/1372/1783 862/1795/1783
f 862/1795/1784 648/1372/1784 863/1375/1784
f 646/1370/1785 927/1374/1785 930/1326/1785
f 646/1370/1786 863/1796/1786 623/1313/1786
f 863/1796/1787 929/1315/1787 623/1313/1787
f 863/1375/1788 649/1324/1788 929/1319/1788
f 887/1681/1789 659/1318/1789 626/1320/1789 661/1387/1789
f 650/1377/1790 642/1363/1790 641/1794/1790
f 651/1368/1791 861/1362/1791 625/1381/1791
f 653/1380/1792 861/1362/1792 654/1384/1792
f 652/1797/1793 656/1705/1793 655/1704/1793
f 652/1376/1301 864/1382/1300 654/1384/1794
f 652/1797/1795 857/1307/1795 656/1705/1795
f 652/1797/1796 650/1378/1796 857/1307/1796
f 625/1381/1797 653/1380/1797 928/1798/1797
f 653/1380/1798 657/1385/1798 928/1798/1798
f 657/1385/1799 654/1384/1799 864/1382/1799
f 662/1386/1800 933/1392/1800 887/1681/1800 661/1387/1800
f 660/1305/1801 658/1314/1801 659/1316/1801
f 867/1408/1802 678/1414/1802 674/1799/1802 673/1800/1802
f 662/1386/1803 928/1322/1803 934/1388/1803
f 663/1390/1804 865/1394/1804 934/1682/1804
f 831/1223/1805 663/1390/1805 832/1702/1805
f 865/1395/1806 919/1397/1806 662/1801/1806
f 935/1677/1807 662/1801/1807 919/1397/1807
f 918/1393/1808 663/1390/1808 664/1222/1808
f 558/1186/1809 570/1204/1809 665/1398/1809
f 559/1188/1810 666/1399/1810 683/1419/1810
f 666/1399/1811 667/1401/1811 683/1419/1811
f 666/1399/1314 665/1398/1812 845/1206/1315
f 667/1401/1813 668/1400/1813 866/1406/1813
f 667/1401/1814 669/1404/1814 683/1419/1814
f 669/1404/1815 936/1802/1815 683/1419/1815
f 670/1402/1816 667/1401/1816 673/1800/1816
f 670/1402/1817 669/1404/1817 667/1401/1817
f 866/1406/1818 673/1800/1818 667/1401/1818
f 673/1800/1819 681/1403/1819 670/1402/1819
f 681/1803/1820 673/1804/1820 674/1805/1820
f 671/1405/1821 673/1800/1821 866/1406/1821
f 673/1800/1822 671/1405/1822 867/1408/1822
f 671/1405/1823 675/1214/1324 867/1408/1323
f 712/1464/1824 714/1436/1824 698/1446/1824 711/1449/1824
f 675/1214/1825 660/1806/1826 829/1407/1827
f 867/1408/1828 830/1409/1828 677/1411/1828
f 677/1411/1829 828/1410/1829 676/1412/1829
f 676/1412/1830 828/1410/1830 933/1392/1830
f 676/1412/1831 933/1392/1831 494/1047/1831
f 933/1807/1832 935/1677/1832 494/1046/1832
f 935/1677/1833 919/1397/1833 805/1678/1833
f 680/1808/1834 679/1413/1834 676/1412/1834
f 677/1411/1835 678/1414/1835 867/1408/1835
f 680/1808/1836 676/1412/1836 868/1049/1836
f 681/1803/1837 1031/853/1837 1032/852/1837
f 681/1803/1838 1032/852/1838 1036/854/1838 669/1809/1838
f 936/1417/1839 669/1809/1839 1036/854/1839 1039/424/1839
f 936/1802/1840 685/1421/1840 683/1419/1840
f 936/1802/1841 686/1423/1841 685/1421/1841
f 684/1420/1842 683/1419/1842 685/1421/1842
f 684/1420/1843 850/1249/1843 915/1187/1843
f 689/1422/1844 685/1421/1844 690/1424/1844
f 687/1810/1845 915/1187/1845 850/1249/1845
f 915/1187/1846 687/1810/1846 844/1180/1846
f 687/1810/1847 843/1178/1847 844/1180/1847
f 588/1251/1848 843/1178/1848 687/1810/1848
f 588/1251/1849 913/1778/1849 843/1178/1849
f 588/1251/1850 687/1810/1850 850/1249/1850
f 688/1250/1851 689/1422/1851 937/1427/1851
f 684/1420/1852 688/1250/1852 850/1249/1852
f 689/1422/1853 691/1425/1854 937/1427/1855
f 692/1811/1856 689/1422/1856 690/1424/1856
f 694/1429/1857 938/1428/1857 691/1425/1857
f 692/1811/1858 691/1425/1854 689/1422/1853
f 692/1812/1859 1050/859/1859 1049/858/1859
f 693/1432/1860 938/1813/1860 694/1814/1860
f 693/1432/1861 767/1559/1861 938/1813/1861
f 767/1559/1862 693/1432/1862 890/1560/1862
f 693/1432/1863 1068/863/1863 1064/862/1863 890/1560/1863
f 738/1506/1864 737/1434/1864 940/1433/1864
f 940/1433/1865 731/1435/1865 730/1438/1865
f 940/1433/1866 695/1437/1866 939/1505/1866
f 695/1437/1867 940/1433/1867 730/1438/1867
f 939/1505/1868 695/1437/1868 941/1441/1868
f 714/1436/1869 730/1438/1869 696/1439/1869
f 714/1436/1870 697/1440/1870 698/1446/1870
f 701/1815/1871 711/1449/1871 705/1448/1871 699/1816/1871
f 732/1468/1872 713/1467/1872 870/1817/1872 710/1818/1872
f 870/1819/1873 713/1465/1360 711/1449/1362
f 711/1449/1874 702/1820/1874 870/1819/1874
f 711/1449/1875 701/1815/1875 702/1820/1875
f 700/1821/1876 701/1822/1876 699/1366/1876
f 700/1453/1351 702/1450/1353 701/1823/1877
f 702/1824/1878 710/1818/1878 870/1817/1878
f 705/1456/1879 700/1453/1879 699/1825/1879
f 710/1452/1880 703/1451/1880 704/1826/1880
f 704/1826/1881 703/1451/1882 871/1455/1883
f 707/1454/1884 703/1451/1884 706/1457/1884
f 700/1453/1885 705/1456/1885 703/1451/1885
f 869/1443/1886 706/1827/1886 705/1828/1886
f 708/1445/1887 707/1459/1887 706/1827/1887
f 708/1445/1888 706/1827/1888 869/1443/1888
f 707/1459/1889 709/1458/1889 942/1462/1889
f 709/1458/1890 729/1463/1890 942/1462/1890
f 709/1458/1891 696/1460/1891 729/1463/1891
f 729/1498/1892 696/1829/1892 730/1830/1892
f 710/1818/1893 704/1831/1894 732/1468/1895
f 704/1831/1894 733/1832/1896 732/1468/1895
f 704/1826/1881 871/1455/1883 733/1494/1897
f 941/1441/1898 714/1436/1899 712/1464/1900
f 943/1480/1901 941/1441/1898 712/1464/1900
f 712/1464/1902 872/1833/1902 943/1480/1902
f 716/1469/1390 734/1501/1389 717/1834/1903
f 716/1469/1904 732/1468/1904 715/1298/1904
f 716/1469/1905 717/1834/1905 872/1471/1905
f 717/1473/1366 824/1835/1906 825/1474/1367
f 734/1501/1907 824/1651/1907 717/1834/1907
f 797/1700/1908 718/1476/1908 719/1475/1908
f 797/1700/1909 722/1836/1909 718/1476/1909
f 797/1700/1910 719/1475/1910 825/1474/1910
f 723/1496/1911 721/1837/1911 722/1838/1911
f 725/1294/1912 723/1839/1912 722/1785/1912
f 721/1837/1913 723/1496/1913 735/1840/1913
f 724/1490/1914 723/1496/1914 725/1491/1914
f 856/1489/1915 726/1492/1915 724/1490/1915
f 724/1490/1916 942/1841/1916 728/1495/1916
f 707/1454/1917 942/1841/1917 724/1490/1917
f 707/1454/1918 726/1492/1918 871/1455/1918
f 727/1842/1919 728/1495/1919 729/1843/1919
f 728/1495/1920 735/1840/1920 723/1496/1920
f 729/1498/1921 730/1830/1921 731/1499/1921
f 732/1468/1922 733/1832/1922 873/1500/1922
f 874/1299/1923 715/1298/1923 732/1468/1923
f 727/1842/1924 737/1844/1924 736/1845/1924
f 727/1842/1925 736/1845/1925 728/1495/1925
f 728/1495/1926 736/1845/1926 735/1840/1926
f 736/1846/1927 737/1847/1927 738/1848/1927
f 765/1849/1928 944/1509/1928 766/1508/1928
f 740/1850/1929 764/1851/1929 766/1852/1929
f 741/1853/1930 944/1512/1930 739/1511/1930
f 742/1520/1931 740/1507/1931 944/1509/1931
f 743/1516/1932 764/1851/1932 740/1850/1932
f 945/1854/1933 742/1515/1933 741/1514/1933
f 764/1851/1934 743/1516/1934 875/1525/1934
f 946/1526/1935 743/1516/1935 744/1524/1935
f 880/1528/1407 745/1529/1936 746/1523/1408
f 747/1530/1937 745/1529/1937 789/1649/1937
f 876/1650/1938 747/1530/1938 789/1649/1938
f 876/1642/1939 748/1644/1939 749/1533/1939
f 747/1855/1940 876/1642/1940 877/1532/1940
f 749/1533/1941 877/1532/1941 876/1642/1941
f 630/1341/1942 749/1533/1942 859/1792/1942
f 750/1353/1943 744/1524/1944 629/1335/1945
f 744/1524/1944 877/1531/1946 629/1335/1945
f 877/1532/1947 751/1339/1947 629/1856/1947
f 877/1532/1948 630/1341/1948 631/1337/1948
f 878/1536/1949 752/1534/1949 794/1537/1949
f 752/1534/1950 749/1535/1950 748/1538/1950
f 878/1536/1951 794/1537/1951 791/1857/1951
f 878/1536/1952 753/1548/1952 759/1543/1952
f 753/1548/1953 878/1536/1953 791/1857/1953
f 756/1793/1954 632/1342/1954 754/1344/1954
f 755/1539/1422 750/1353/1421 634/1352/1955
f 756/1347/1956 757/1541/1956 860/1345/1956
f 756/1793/1957 754/1344/1957 758/1544/1957
f 758/1544/1429 754/1344/1958 878/1536/1430
f 756/1793/1959 758/1544/1959 757/1858/1959
f 758/1544/1960 759/1543/1960 757/1858/1960
f 757/1541/1961 763/1545/1961 875/1542/1961
f 753/1859/1962 948/1554/1962 760/1550/1962
f 757/1541/1963 760/1550/1963 761/1546/1963
f 776/1553/1964 761/1546/1964 760/1550/1964
f 761/1860/1965 741/1861/1965 739/1862/1965
f 764/1547/1966 762/1557/1966 766/1863/1966
f 762/1555/1967 739/1511/1967 765/1510/1967
f 765/1864/1968 766/1863/1968 762/1557/1968
f 688/1250/1205 923/1231/1969 809/1247/1969 810/1248/1203
f 767/1865/1970 879/1866/1970 938/1564/1970
f 890/1867/1971 925/1868/1971 817/1869/1971
f 594/1567/1972 817/1566/1972 925/1870/1972
f 688/1250/1973 937/1427/1973 888/1701/1973
f 923/1231/1974 888/1701/1974 920/1229/1974
f 949/1582/1975 773/1581/1975 772/1585/1975
f 880/1871/1976 774/1571/1976 753/1583/1976
f 774/1584/1977 949/1582/1977 772/1585/1977
f 949/1582/1456 880/1528/1458 775/1527/1978
f 948/1554/1979 949/1872/1979 776/1553/1979
f 777/1873/1980 948/1874/1980 753/1875/1980
f 782/1604/1981 781/1603/1981 778/1876/1981
f 782/1877/1982 779/1598/1982 950/1597/1982
f 951/1599/1983 780/1590/1983 778/1592/1983
f 781/1878/1984 951/1599/1984 778/1592/1984
f 783/1879/1985 781/1603/1985 745/1602/1985
f 880/1880/1986 753/1881/1986 784/1882/1986
f 880/1880/1987 784/1882/1987 951/1883/1987
f 782/1609/1988 784/1611/1988 753/1548/1988
f 782/1609/1989 753/1548/1989 791/1857/1989
f 790/1624/1990 788/1622/1990 785/1884/1990
f 785/1885/1991 786/1616/1991 790/1615/1991
f 787/1886/1992 952/1628/1992 881/1627/1992
f 788/1625/1993 952/1887/1993 787/1614/1993
f 952/1887/1994 788/1625/1994 789/1649/1994
f 952/1887/1995 789/1649/1995 745/1529/1995
f 952/1628/1996 745/1888/1996 791/1626/1996
f 790/1615/1997 881/1617/1997 794/1537/1997
f 791/1857/1998 794/1537/1998 881/1617/1998
f 795/1629/1999 882/1643/1999 792/1630/1999
f 954/1647/2000 882/1646/2000 876/1650/2000
f 883/1640/2001 789/1889/2001 794/1890/2001
f 789/1889/2002 883/1640/2002 954/1639/2002
f 795/1637/2003 883/1636/2003 748/1538/2003
f 794/1537/2004 748/1538/2004 883/1636/2004
f 715/1298/2005 884/1236/2005 734/1501/2005
f 884/1696/2006 796/1694/2006 824/1835/2006
f 722/1836/2007 797/1700/2007 855/1891/2007
f 955/1654/2008 800/1670/2008 956/1652/2008
f 957/1656/2009 956/1892/2009 959/1673/2009
f 959/1673/2010 958/1657/2010 957/1656/2010
f 798/1659/1493 799/1893/2011 960/1660/1494
f 960/1660/2012 955/1894/2012 957/1658/2012
f 955/1654/2013 961/1664/2013 800/1670/2013
f 961/1664/2014 955/1654/2014 960/1665/2014
f 801/1672/2015 961/1669/2015 885/1895/2015
f 801/1672/2016 962/1896/2016 802/1667/2016
f 802/1897/2017 962/1674/2017 959/1673/2017
f 959/1673/2018 956/1892/2018 802/1897/2018
f 803/1675/2019 664/1222/2019 917/1221/2019
f 803/1675/2020 804/1676/2020 664/1222/2020
f 803/1675/2021 916/1210/2021 578/1774/2021
f 918/1393/2022 804/1676/2022 886/1775/2022
f 805/1678/2023 918/1396/2023 886/1776/2023
f 805/1678/2024 919/1397/2024 918/1396/2024
f 828/1410/2025 887/1681/2025 933/1392/2025
f 807/1213/2026 917/1221/2026 806/1680/2027
f 917/1221/2026 807/1213/2026 916/1210/2028
f 660/1806/1826 887/1681/2029 829/1407/1827
f 659/1316/2030 887/1898/2030 660/1305/2030
f 663/1390/2031 657/1385/2032 832/1702/2033
f 832/1702/2033 657/1385/2032 864/1382/2034
f 661/1387/2035 626/1320/2035 928/1322/2035
f 879/1866/2036 890/1899/2036 817/1566/2036 769/1565/2036
f 810/1248/2037 811/1245/2037 913/1778/2037
f 811/1245/2038 812/1246/2038 913/1778/2038
f 813/1255/2039 814/1254/2039 924/1253/2039
f 593/1259/2040 925/1261/2040 816/1264/2040
f 483/1709/2041 816/1900/2041 890/1560/2041
f 818/1561/2042 888/1701/2042 937/1427/2042
f 769/1565/2043 938/1564/2043 879/1866/2043
f 888/1701/2044 923/1231/2044 688/1250/2044
f 585/1235/2045 820/1777/2045 819/1691/2045
f 922/1692/2046 820/1777/2046 612/1244/2046
f 820/1777/2047 922/1692/2047 819/1691/2047
f 603/1241/2048 847/1238/2048 608/1693/2048
f 826/1697/2049 583/1699/2049 581/1228/2049
f 822/1039/2050 796/1694/2050 848/1040/2050
f 822/1035/2051 855/1293/2051 797/1901/2051
f 822/1035/2052 891/1037/2052 855/1293/2052
f 770/1227/2053 579/1225/2053 769/1565/2053
f 818/1562/2054 823/1688/2054 579/1225/2054
f 825/1474/2055 824/1835/2055 796/1694/2055
f 826/1698/2056 596/1277/2056 852/1282/2056
f 830/1409/2057 887/1681/2057 828/1410/2057
f 831/1223/2058 832/1702/2058 917/1221/2058
f 656/1902/2059 806/1680/2059 832/1702/2059
f 806/1680/2060 656/1902/2060 846/1679/2060
f 903/1058/2061 498/1042/2061 488/1041/2061
f 981/1749/2062 529/1131/2062 982/114/2062
f 986/1715/2063 486/1048/2063 964/1903/2063
f 1000/1904/2064 550/1169/2064 551/1168/2064 1001/1765/2064
f 1026/985/2065 674/1805/2065 678/1415/2065 1020/986/2065
f 999/1905/2066 550/1169/2066 998/1906/2066
f 1020/986/1009 678/1415/2067 1019/420/1009
f 1008/989/2068 680/1718/2068 997/990/2068
f 966/991/2069 892/1060/2069 967/992/2069
f 1066/740/2070 890/1560/2070 1064/862/2070
f 1015/993/2071 482/1113/2071 1014/994/2071
f 1052/995/2072 690/1907/2072 686/1418/2072 1045/996/2072
f 1034/997/2073 565/1198/2073 834/1194/2073 1035/998/2073
f 1017/728/2074 521/1125/2074 482/1113/2074 1016/999/2074
f 994/1908/2075 547/1163/2075 550/1169/2075 999/1905/2075
f 1016/999/2076 482/1113/2076 1015/993/2076
f 1045/996/2077 686/1418/2077 1041/1001/2077
f 1023/1909/2078 488/1041/2078 489/1043/2078 1021/225/2078
f 1035/1910/2079 834/1911/2079 1038/1912/2079
f 997/990/2080 680/1718/2080 996/750/2080
f 1011/94/2081 520/1112/1619 903/1747/1618 1009/1004/2081
f 1030/735/2082 565/1198/2082 1033/1005/2082
f 1056/1006/2083 483/1709/2083 1065/739/2083
f 993/1027/2084 532/1138/2084 547/1163/2084 994/1908/2084
f 1010/1706/2085 488/1041/2085 1023/1909/2085
f 971/40/2086 484/1063/2086 504/1064/2086 970/42/2086
f 1061/437/2087 691/1913/2087 692/1812/2087 1060/1011/2087
f 1027/1012/2088 674/1805/2088 1026/985/2088
f 1007/421/2089 679/1416/2089 680/1718/2089 1008/989/2089
f 1054/1013/2090 553/1172/2090 1053/1014/2090
f 1041/1001/2091 686/1418/2091 682/1033/2091 1042/5/2091
f 1043/6/2092 682/1033/2092 1040/423/2092
f 1033/1005/2093 565/1198/2093 1034/997/2093
f 1051/1016/2094 692/1812/2094 1049/858/2094
f 1025/737/2095 574/1212/1686 1028/806/1688
f 1014/994/2096 482/1113/2096 1013/96/2096
f 967/992/2097 892/1060/2097 484/1063/2097 968/1017/2097
f 1060/1011/2098 692/1812/2098 1051/1016/2098
f 979/1076/2099 509/1075/2099 980/1750/2099
f 1068/863/2100 693/1432/2100 1067/439/2100
f 964/1903/2101 486/1048/2101 485/1053/2101 963/1914/2101
f 963/1915/2102 485/1719/2102 965/1021/2102
f 977/726/2103 487/1708/2103 975/1020/2103
f 965/1021/2104 485/1719/2104 892/1060/2104 966/991/2104
f 968/1017/2105 484/1063/2105 969/39/2105
f 1031/853/2106 681/1803/2106 674/1805/2106 1027/1012/2106
f 1063/440/2107 693/1432/2107 694/1814/2107 1062/1916/2107
f 975/1917/2108 487/1072/2108 836/1074/2108 976/759/2108
f 998/1906/2109 550/1169/2109 1000/1904/2109
f 992/1026/2110 532/1138/2110 993/1027/2110
f 1050/859/2111 692/1812/2111 690/1907/2111 1052/995/2111
f 972/43/2112 893/1065/2112 973/741/2112
f 1037/731/2113 561/1190/2113 1044/1029/2113
f 1047/1918/2114 553/1919/2114 1054/1920/2114
f 1053/1014/2115 553/1172/2115 1046/1031/2115
f 1057/9/2116 889/1034/2116 483/1709/2116 1056/1006/2116
